Sr No,Guid,DeviceConfigGuid,EvaluationCriteriaGuid,Clinic Id,User Id,Screening Id,Username
1,A148144B-0F47-4714-96F0-B125F7C82FAB,1D7BAE72-56A5-4733-ACBC-62B7BF90FAF6,3FA85F64-5717-4562-B3FC-2C963F66AFA6,1,5,1,username102
2,A148144B-0F47-4714-96F0-B125F7C82FAC,1D7BAE72-56A5-4733-ACBC-62B7BF90FAF7,3FA85F64-5717-4562-B3FC-2C963F66AFA7,1,6,14,username103
3,A148144B-0F47-4714-96F0-B125F7C82FAD,1D7BAE72-56A5-4733-ACBC-62B7BF90FAF8,3FA85F64-5717-4562-B3FC-2C963F66AFA8,1,7,16,username104
4,A148144B-0F47-4714-96F0-B125F7C82FAE,1D7BAE72-56A5-4733-ACBC-62B7BF90FAF9,3FA85F64-5717-4562-B3FC-2C963F66AFA9,1,8,17,username105
5,A148144B-0F47-4714-96F0-B125F7C82FAF,1D7BAE72-56A5-4733-ACBC-62B7BF90FAF1,3FA85F64-5717-4562-B3FC-2C963F66AFA1,1,9,18,username106
6,A148144B-0F47-4714-96F0-B125F7C82FA1,1D7BAE72-56A5-4733-ACBC-62B7BF90FAF2,3FA85F64-5717-4562-B3FC-2C963F66AFA2,1,10,19,username107
7,A148144B-0F47-4714-96F0-B125F7C82FA2,1D7BAE72-56A5-4733-ACBC-62B7BF90FAF3,3FA85F64-5717-4562-B3FC-2C963F66AFA3,1,11,20,username108
8,A148144B-0F47-4714-96F0-B125F7C82FA3,1D7BAE72-56A5-4733-ACBC-62B7BF90FAF4,3FA85F64-5717-4562-B3FC-2C963F66AFA4,1,12,21,username109
9,A148144B-0F47-4714-96F0-B125F7C82FA4,1D7BAE72-56A5-4733-ACBC-62B7BF90FAF5,3FA85F64-5717-4562-B3FC-2C963F66AFA5,1,13,22,username110
10,A148144B-0F47-4714-96F0-B125F7C82FA5,1D7BAE72-56A5-4733-ACBC-62B7BF90FAF0,3FA85F64-5717-4562-B3FC-2C963F66AFA0,1,14,23,username111
11,A148144B-0F47-4714-96F0-B125F7C82A12,1D7BAE72-56A5-4733-ACBC-62B7BF90FA12,3FA85F64-5717-4562-B3FC-2C963F66AA12,1,20,24,username112
12,A148144B-0F47-4714-96F0-B125F7C82A13,1D7BAE72-56A5-4733-ACBC-62B7BF90FA13,3FA85F64-5717-4562-B3FC-2C963F66AA13,1,21,25,username113
13,A148144B-0F47-4714-96F0-B125F7C82A14,1D7BAE72-56A5-4733-ACBC-62B7BF90FA14,3FA85F64-5717-4562-B3FC-2C963F66AA14,1,22,26,username114
14,A148144B-0F47-4714-96F0-B125F7C82A15,1D7BAE72-56A5-4733-ACBC-62B7BF90FA15,3FA85F64-5717-4562-B3FC-2C963F66AA15,1,23,27,username115
15,A148144B-0F47-4714-96F0-B125F7C82A16,1D7BAE72-56A5-4733-ACBC-62B7BF90FA16,3FA85F64-5717-4562-B3FC-2C963F66AA16,1,24,28,username116
16,A148144B-0F47-4714-96F0-B125F7C82A17,1D7BAE72-56A5-4733-ACBC-62B7BF90FA17,3FA85F64-5717-4562-B3FC-2C963F66AA17,1,25,29,username117
17,A148144B-0F47-4714-96F0-B125F7C82A18,1D7BAE72-56A5-4733-ACBC-62B7BF90FA18,3FA85F64-5717-4562-B3FC-2C963F66AA18,1,26,30,username118
18,A148144B-0F47-4714-96F0-B125F7C82A19,1D7BAE72-56A5-4733-ACBC-62B7BF90FA19,3FA85F64-5717-4562-B3FC-2C963F66AA19,1,27,31,username119
19,A148144B-0F47-4714-96F0-B125F7C82A20,1D7BAE72-56A5-4733-ACBC-62B7BF90FA20,3FA85F64-5717-4562-B3FC-2C963F66AA20,1,28,32,username120
20,A148144B-0F47-4714-96F0-B125F7C82A21,1D7BAE72-56A5-4733-ACBC-62B7BF90FA21,3FA85F64-5717-4562-B3FC-2C963F66AA21,1,29,33,username121
21,A148144B-0F47-4714-96F0-B125F7C82A22,1D7BAE72-56A5-4733-ACBC-62B7BF90FA22,3FA85F64-5717-4562-B3FC-2C963F66AA22,1,30,34,username122
22,A148144B-0F47-4714-96F0-B125F7C82A23,1D7BAE72-56A5-4733-ACBC-62B7BF90FA23,3FA85F64-5717-4562-B3FC-2C963F66AA23,1,31,35,username123
23,A148144B-0F47-4714-96F0-B125F7C82A24,1D7BAE72-56A5-4733-ACBC-62B7BF90FA24,3FA85F64-5717-4562-B3FC-2C963F66AA24,1,32,36,username124
24,A148144B-0F47-4714-96F0-B125F7C82A25,1D7BAE72-56A5-4733-ACBC-62B7BF90FA25,3FA85F64-5717-4562-B3FC-2C963F66AA25,1,33,37,username125
25,A148144B-0F47-4714-96F0-B125F7C82A26,1D7BAE72-56A5-4733-ACBC-62B7BF90FA26,3FA85F64-5717-4562-B3FC-2C963F66AA26,1,34,38,username126
26,A148144B-0F47-4714-96F0-B125F7C82A27,1D7BAE72-56A5-4733-ACBC-62B7BF90FA27,3FA85F64-5717-4562-B3FC-2C963F66AA27,1,35,39,username127
27,A148144B-0F47-4714-96F0-B125F7C82A28,1D7BAE72-56A5-4733-ACBC-62B7BF90FA28,3FA85F64-5717-4562-B3FC-2C963F66AA28,1,36,40,username128
28,A148144B-0F47-4714-96F0-B125F7C82A29,1D7BAE72-56A5-4733-ACBC-62B7BF90FA29,3FA85F64-5717-4562-B3FC-2C963F66AA29,1,37,41,username129
29,A148144B-0F47-4714-96F0-B125F7C82A30,1D7BAE72-56A5-4733-ACBC-62B7BF90FA30,3FA85F64-5717-4562-B3FC-2C963F66AA30,1,38,42,username130
30,A148144B-0F47-4714-96F0-B125F7C82A31,1D7BAE72-56A5-4733-ACBC-62B7BF90FA31,3FA85F64-5717-4562-B3FC-2C963F66AA31,1,39,43,username131
31,A148144B-0F47-4714-96F0-B125F7C82A32,1D7BAE72-56A5-4733-ACBC-62B7BF90FA32,3FA85F64-5717-4562-B3FC-2C963F66AA32,1,40,44,username132
32,A148144B-0F47-4714-96F0-B125F7C82A33,1D7BAE72-56A5-4733-ACBC-62B7BF90FA33,3FA85F64-5717-4562-B3FC-2C963F66AA33,1,41,45,username133
33,A148144B-0F47-4714-96F0-B125F7C82A34,1D7BAE72-56A5-4733-ACBC-62B7BF90FA34,3FA85F64-5717-4562-B3FC-2C963F66AA34,1,42,46,username134
34,A148144B-0F47-4714-96F0-B125F7C82A35,1D7BAE72-56A5-4733-ACBC-62B7BF90FA35,3FA85F64-5717-4562-B3FC-2C963F66AA35,1,43,47,username135
35,A148144B-0F47-4714-96F0-B125F7C82A36,1D7BAE72-56A5-4733-ACBC-62B7BF90FA36,3FA85F64-5717-4562-B3FC-2C963F66AA36,1,44,48,username136
36,A148144B-0F47-4714-96F0-B125F7C82A37,1D7BAE72-56A5-4733-ACBC-62B7BF90FA37,3FA85F64-5717-4562-B3FC-2C963F66AA37,1,45,49,username137
37,A148144B-0F47-4714-96F0-B125F7C82A38,1D7BAE72-56A5-4733-ACBC-62B7BF90FA38,3FA85F64-5717-4562-B3FC-2C963F66AA38,1,46,50,username138
38,A148144B-0F47-4714-96F0-B125F7C82A39,1D7BAE72-56A5-4733-ACBC-62B7BF90FA39,3FA85F64-5717-4562-B3FC-2C963F66AA39,1,47,51,username139
39,A148144B-0F47-4714-96F0-B125F7C82A40,1D7BAE72-56A5-4733-ACBC-62B7BF90FA40,3FA85F64-5717-4562-B3FC-2C963F66AA40,1,48,52,username140
40,A148144B-0F47-4714-96F0-B125F7C82A41,1D7BAE72-56A5-4733-ACBC-62B7BF90FA41,3FA85F64-5717-4562-B3FC-2C963F66AA41,1,49,53,username141
41,A148144B-0F47-4714-96F0-B125F7C82A42,1D7BAE72-56A5-4733-ACBC-62B7BF90FA42,3FA85F64-5717-4562-B3FC-2C963F66AA42,1,50,54,username142
42,A148144B-0F47-4714-96F0-B125F7C82A43,1D7BAE72-56A5-4733-ACBC-62B7BF90FA43,3FA85F64-5717-4562-B3FC-2C963F66AA43,1,51,55,username143
43,A148144B-0F47-4714-96F0-B125F7C82A44,1D7BAE72-56A5-4733-ACBC-62B7BF90FA44,3FA85F64-5717-4562-B3FC-2C963F66AA44,1,52,56,username144
44,A148144B-0F47-4714-96F0-B125F7C82A45,1D7BAE72-56A5-4733-ACBC-62B7BF90FA45,3FA85F64-5717-4562-B3FC-2C963F66AA45,1,53,57,username145
45,A148144B-0F47-4714-96F0-B125F7C82A46,1D7BAE72-56A5-4733-ACBC-62B7BF90FA46,3FA85F64-5717-4562-B3FC-2C963F66AA46,1,54,58,username146
46,A148144B-0F47-4714-96F0-B125F7C82A47,1D7BAE72-56A5-4733-ACBC-62B7BF90FA47,3FA85F64-5717-4562-B3FC-2C963F66AA47,1,55,59,username147
47,A148144B-0F47-4714-96F0-B125F7C82A48,1D7BAE72-56A5-4733-ACBC-62B7BF90FA48,3FA85F64-5717-4562-B3FC-2C963F66AA48,1,56,60,username148
48,A148144B-0F47-4714-96F0-B125F7C82A49,1D7BAE72-56A5-4733-ACBC-62B7BF90FA49,3FA85F64-5717-4562-B3FC-2C963F66AA49,1,57,61,username149
49,A148144B-0F47-4714-96F0-B125F7C82A50,1D7BAE72-56A5-4733-ACBC-62B7BF90FA50,3FA85F64-5717-4562-B3FC-2C963F66AA50,1,59,63,username1111
50,A148144B-0F47-4714-96F0-B125F7C82A51,1D7BAE72-56A5-4733-ACBC-62B7BF90FA51,3FA85F64-5717-4562-B3FC-2C963F66AA51,1,60,64,load88
51,A148144B-0F47-4714-96F0-B125F7C82A52,1D7BAE72-56A5-4733-ACBC-62B7BF90FA52,3FA85F64-5717-4562-B3FC-2C963F66AA52,1,61,65,username150
52,A148144B-0F47-4714-96F0-B125F7C82A53,1D7BAE72-56A5-4733-ACBC-62B7BF90FA53,3FA85F64-5717-4562-B3FC-2C963F66AA53,1,62,66,username151
53,A148144B-0F47-4714-96F0-B125F7C82A54,1D7BAE72-56A5-4733-ACBC-62B7BF90FA54,3FA85F64-5717-4562-B3FC-2C963F66AA54,1,63,67,username152
54,A148144B-0F47-4714-96F0-B125F7C82A55,1D7BAE72-56A5-4733-ACBC-62B7BF90FA55,3FA85F64-5717-4562-B3FC-2C963F66AA55,1,64,68,username153
55,A148144B-0F47-4714-96F0-B125F7C82A56,1D7BAE72-56A5-4733-ACBC-62B7BF90FA56,3FA85F64-5717-4562-B3FC-2C963F66AA56,1,65,69,username154
56,A148144B-0F47-4714-96F0-B125F7C82A57,1D7BAE72-56A5-4733-ACBC-62B7BF90FA57,3FA85F64-5717-4562-B3FC-2C963F66AA57,1,66,70,username155
57,A148144B-0F47-4714-96F0-B125F7C82A58,1D7BAE72-56A5-4733-ACBC-62B7BF90FA58,3FA85F64-5717-4562-B3FC-2C963F66AA58,1,67,71,username156
58,A148144B-0F47-4714-96F0-B125F7C82A59,1D7BAE72-56A5-4733-ACBC-62B7BF90FA59,3FA85F64-5717-4562-B3FC-2C963F66AA59,1,68,72,username157
59,A148144B-0F47-4714-96F0-B125F7C82A60,1D7BAE72-56A5-4733-ACBC-62B7BF90FA60,3FA85F64-5717-4562-B3FC-2C963F66AA60,1,69,73,username159
60,A148144B-0F47-4714-96F0-B125F7C82A61,1D7BAE72-56A5-4733-ACBC-62B7BF90FA61,3FA85F64-5717-4562-B3FC-2C963F66AA61,1,70,74,username160
61,A148144B-0F47-4714-96F0-B125F7C82A62,1D7BAE72-56A5-4733-ACBC-62B7BF90FA62,3FA85F64-5717-4562-B3FC-2C963F66AA62,1,71,75,username161
62,A148144B-0F47-4714-96F0-B125F7C82A63,1D7BAE72-56A5-4733-ACBC-62B7BF90FA63,3FA85F64-5717-4562-B3FC-2C963F66AA63,1,72,76,username162
63,A148144B-0F47-4714-96F0-B125F7C82A64,1D7BAE72-56A5-4733-ACBC-62B7BF90FA64,3FA85F64-5717-4562-B3FC-2C963F66AA64,1,73,77,username163
64,A148144B-0F47-4714-96F0-B125F7C82A65,1D7BAE72-56A5-4733-ACBC-62B7BF90FA65,3FA85F64-5717-4562-B3FC-2C963F66AA65,1,74,78,username164
65,A148144B-0F47-4714-96F0-B125F7C82A66,1D7BAE72-56A5-4733-ACBC-62B7BF90FA66,3FA85F64-5717-4562-B3FC-2C963F66AA66,1,75,79,username165
66,A148144B-0F47-4714-96F0-B125F7C82A67,1D7BAE72-56A5-4733-ACBC-62B7BF90FA67,3FA85F64-5717-4562-B3FC-2C963F66AA67,1,76,80,username166
67,A148144B-0F47-4714-96F0-B125F7C82A68,1D7BAE72-56A5-4733-ACBC-62B7BF90FA68,3FA85F64-5717-4562-B3FC-2C963F66AA68,1,77,81,username167
68,A148144B-0F47-4714-96F0-B125F7C82A69,1D7BAE72-56A5-4733-ACBC-62B7BF90FA69,3FA85F64-5717-4562-B3FC-2C963F66AA69,1,78,82,username168
69,A148144B-0F47-4714-96F0-B125F7C82A80,1D7BAE72-56A5-4733-ACBC-62B7BF90FA70,3FA85F64-5717-4562-B3FC-2C963F66AA70,1,79,83,username169
70,A148144B-0F47-4714-96F0-B125F7C82A81,1D7BAE72-56A5-4733-ACBC-62B7BF90FA71,3FA85F64-5717-4562-B3FC-2C963F66AA71,1,80,84,username170
71,A148144B-0F47-4714-96F0-B125F7C82A82,1D7BAE72-56A5-4733-ACBC-62B7BF90FA72,3FA85F64-5717-4562-B3FC-2C963F66AA72,1,81,85,username171
72,A148144B-0F47-4714-96F0-B125F7C82A83,1D7BAE72-56A5-4733-ACBC-62B7BF90FA73,3FA85F64-5717-4562-B3FC-2C963F66AA73,1,82,86,username172
73,A148144B-0F47-4714-96F0-B125F7C82A84,1D7BAE72-56A5-4733-ACBC-62B7BF90FA74,3FA85F64-5717-4562-B3FC-2C963F66AA74,1,83,87,username173
74,A148144B-0F47-4714-96F0-B125F7C82A85,1D7BAE72-56A5-4733-ACBC-62B7BF90FA75,3FA85F64-5717-4562-B3FC-2C963F66AA75,1,84,88,username174
75,A148144B-0F47-4714-96F0-B125F7C82A86,1D7BAE72-56A5-4733-ACBC-62B7BF90FA76,3FA85F64-5717-4562-B3FC-2C963F66AA76,1,85,89,username175
76,A148144B-0F47-4714-96F0-B125F7C82A87,1D7BAE72-56A5-4733-ACBC-62B7BF90FA77,3FA85F64-5717-4562-B3FC-2C963F66AA77,1,86,90,username176
77,A148144B-0F47-4714-96F0-B125F7C82A88,1D7BAE72-56A5-4733-ACBC-62B7BF90FA78,3FA85F64-5717-4562-B3FC-2C963F66AA78,1,87,91,username177
78,A148144B-0F47-4714-96F0-B125F7C82A89,1D7BAE72-56A5-4733-ACBC-62B7BF90FA79,3FA85F64-5717-4562-B3FC-2C963F66AA79,1,88,92,username178
79,A148144B-0F47-4714-96F0-B125F7C82A90,1D7BAE72-56A5-4733-ACBC-62B7BF90FA80,3FA85F64-5717-4562-B3FC-2C963F66AA80,1,89,93,username179
80,A148144B-0F47-4714-96F0-B125F7C82A91,1D7BAE72-56A5-4733-ACBC-62B7BF90FA81,3FA85F64-5717-4562-B3FC-2C963F66AA81,1,90,94,username180
81,A148144B-0F47-4714-96F0-B125F7C82A92,1D7BAE72-56A5-4733-ACBC-62B7BF90FA82,3FA85F64-5717-4562-B3FC-2C963F66AA82,1,91,95,username181
82,A148144B-0F47-4714-96F0-B125F7C82A93,1D7BAE72-56A5-4733-ACBC-62B7BF90FA83,3FA85F64-5717-4562-B3FC-2C963F66AA83,1,92,96,username182
83,A148144B-0F47-4714-96F0-B125F7C82A94,1D7BAE72-56A5-4733-ACBC-62B7BF90FA84,3FA85F64-5717-4562-B3FC-2C963F66AA84,1,93,97,username183
84,A148144B-0F47-4714-96F0-B125F7C82A95,1D7BAE72-56A5-4733-ACBC-62B7BF90FA85,3FA85F64-5717-4562-B3FC-2C963F66AA85,1,94,98,username184
85,A148144B-0F47-4714-96F0-B125F7C82A96,1D7BAE72-56A5-4733-ACBC-62B7BF90FA86,3FA85F64-5717-4562-B3FC-2C963F66AA86,1,95,99,username185
86,A148144B-0F47-4714-96F0-B125F7C82A97,1D7BAE72-56A5-4733-ACBC-62B7BF90FA87,3FA85F64-5717-4562-B3FC-2C963F66AA87,1,96,100,username186
87,A148144B-0F47-4714-96F0-B125F7C82A98,1D7BAE72-56A5-4733-ACBC-62B7BF90FA88,3FA85F64-5717-4562-B3FC-2C963F66AA88,1,97,101,username187
88,A148144B-0F47-4714-96F0-B125F7C82A99,1D7BAE72-56A5-4733-ACBC-62B7BF90FA89,3FA85F64-5717-4562-B3FC-2C963F66AA89,1,98,102,username188
89,A148144B-0F47-4714-96F0-B125F7C82100,1D7BAE72-56A5-4733-ACBC-62B7BF90FA90,3FA85F64-5717-4562-B3FC-2C963F66AA90,1,99,103,username189
90,A148144B-0F47-4714-96F0-B125F7C82101,1D7BAE72-56A5-4733-ACBC-62B7BF90FA91,3FA85F64-5717-4562-B3FC-2C963F66AA91,1,100,104,username190
91,A148144B-0F47-4714-96F0-B125F7C82102,1D7BAE72-56A5-4733-ACBC-62B7BF90FA92,3FA85F64-5717-4562-B3FC-2C963F66AA92,1,101,105,username191
92,A148144B-0F47-4714-96F0-B125F7C82103,1D7BAE72-56A5-4733-ACBC-62B7BF90FA93,3FA85F64-5717-4562-B3FC-2C963F66AA93,1,102,106,username192
93,A148144B-0F47-4714-96F0-B125F7C82104,1D7BAE72-56A5-4733-ACBC-62B7BF90FA94,3FA85F64-5717-4562-B3FC-2C963F66AA94,1,103,107,username193
94,A148144B-0F47-4714-96F0-B125F7C82105,1D7BAE72-56A5-4733-ACBC-62B7BF90FA95,3FA85F64-5717-4562-B3FC-2C963F66AA95,1,104,108,username194
95,A148144B-0F47-4714-96F0-B125F7C82106,1D7BAE72-56A5-4733-ACBC-62B7BF90FA96,3FA85F64-5717-4562-B3FC-2C963F66AA96,1,105,109,username195
96,A148144B-0F47-4714-96F0-B125F7C82107,1D7BAE72-56A5-4733-ACBC-62B7BF90FA97,3FA85F64-5717-4562-B3FC-2C963F66AA97,1,106,110,username196
97,A148144B-0F47-4714-96F0-B125F7C82108,1D7BAE72-56A5-4733-ACBC-62B7BF90FA98,3FA85F64-5717-4562-B3FC-2C963F66AA98,1,107,111,username197
98,A148144B-0F47-4714-96F0-B125F7C82109,1D7BAE72-56A5-4733-ACBC-62B7BF90FA99,3FA85F64-5717-4562-B3FC-2C963F66AA99,1,108,112,username198
99,A148144B-0F47-4714-96F0-B125F7C82110,1D7BAE72-56A5-4733-ACBC-62B7BF90F100,3FA85F64-5717-4562-B3FC-2C963F66A100,1,109,113,username199
100,A148144B-0F47-4714-96F0-B125F7C82111,1D7BAE72-56A5-4733-ACBC-62B7BF90F101,3FA85F64-5717-4562-B3FC-2C963F66A101,1,110,114,username200
101,A148144B-0F47-4714-96F0-B125F7C82112,1D7BAE72-56A5-4733-ACBC-62B7BF90F102,3FA85F64-5717-4562-B3FC-2C963F66A102,1,111,115,username201
102,A148144B-0F47-4714-96F0-B125F7C82113,1D7BAE72-56A5-4733-ACBC-62B7BF90F103,3FA85F64-5717-4562-B3FC-2C963F66A103,1,112,116,username202
103,A148144B-0F47-4714-96F0-B125F7C82114,1D7BAE72-56A5-4733-ACBC-62B7BF90F104,3FA85F64-5717-4562-B3FC-2C963F66A104,1,113,117,username203
104,A148144B-0F47-4714-96F0-B125F7C82115,1D7BAE72-56A5-4733-ACBC-62B7BF90F105,3FA85F64-5717-4562-B3FC-2C963F66A105,1,114,118,username204
105,A148144B-0F47-4714-96F0-B125F7C82116,1D7BAE72-56A5-4733-ACBC-62B7BF90F106,3FA85F64-5717-4562-B3FC-2C963F66A106,1,115,119,username205
106,A148144B-0F47-4714-96F0-B125F7C82117,1D7BAE72-56A5-4733-ACBC-62B7BF90F107,3FA85F64-5717-4562-B3FC-2C963F66A107,1,116,120,username206
107,A148144B-0F47-4714-96F0-B125F7C82118,1D7BAE72-56A5-4733-ACBC-62B7BF90F108,3FA85F64-5717-4562-B3FC-2C963F66A108,1,117,121,username207
108,A148144B-0F47-4714-96F0-B125F7C82119,1D7BAE72-56A5-4733-ACBC-62B7BF90F109,3FA85F64-5717-4562-B3FC-2C963F66A109,1,118,122,username208
109,A148144B-0F47-4714-96F0-B125F7C82120,1D7BAE72-56A5-4733-ACBC-62B7BF90F110,3FA85F64-5717-4562-B3FC-2C963F66A110,1,119,123,username209
110,A148144B-0F47-4714-96F0-B125F7C82121,1D7BAE72-56A5-4733-ACBC-62B7BF90F111,3FA85F64-5717-4562-B3FC-2C963F66A111,1,120,124,username210
111,A148144B-0F47-4714-96F0-B125F7C82122,1D7BAE72-56A5-4733-ACBC-62B7BF90F112,3FA85F64-5717-4562-B3FC-2C963F66A112,1,121,125,username211
112,A148144B-0F47-4714-96F0-B125F7C82123,1D7BAE72-56A5-4733-ACBC-62B7BF90F113,3FA85F64-5717-4562-B3FC-2C963F66A113,1,122,126,username212
113,A148144B-0F47-4714-96F0-B125F7C82124,1D7BAE72-56A5-4733-ACBC-62B7BF90F114,3FA85F64-5717-4562-B3FC-2C963F66A114,1,123,127,username213
114,A148144B-0F47-4714-96F0-B125F7C82125,1D7BAE72-56A5-4733-ACBC-62B7BF90F115,3FA85F64-5717-4562-B3FC-2C963F66A115,1,124,128,username214
115,A148144B-0F47-4714-96F0-B125F7C82126,1D7BAE72-56A5-4733-ACBC-62B7BF90F116,3FA85F64-5717-4562-B3FC-2C963F66A116,1,125,129,username215
116,A148144B-0F47-4714-96F0-B125F7C82127,1D7BAE72-56A5-4733-ACBC-62B7BF90F117,3FA85F64-5717-4562-B3FC-2C963F66A117,1,126,130,username216
117,A148144B-0F47-4714-96F0-B125F7C82128,1D7BAE72-56A5-4733-ACBC-62B7BF90F118,3FA85F64-5717-4562-B3FC-2C963F66A118,1,127,131,username217
118,A148144B-0F47-4714-96F0-B125F7C82129,1D7BAE72-56A5-4733-ACBC-62B7BF90F119,3FA85F64-5717-4562-B3FC-2C963F66A119,1,128,132,username218
119,A148144B-0F47-4714-96F0-B125F7C82130,1D7BAE72-56A5-4733-ACBC-62B7BF90F120,3FA85F64-5717-4562-B3FC-2C963F66A120,1,129,133,username219
120,A148144B-0F47-4714-96F0-B125F7C82131,1D7BAE72-56A5-4733-ACBC-62B7BF90F121,3FA85F64-5717-4562-B3FC-2C963F66A121,1,130,134,username220
121,A148144B-0F47-4714-96F0-B125F7C82132,1D7BAE72-56A5-4733-ACBC-62B7BF90F122,3FA85F64-5717-4562-B3FC-2C963F66A122,1,131,135,username221
122,A148144B-0F47-4714-96F0-B125F7C82133,1D7BAE72-56A5-4733-ACBC-62B7BF90F123,3FA85F64-5717-4562-B3FC-2C963F66A123,1,132,136,username222
123,A148144B-0F47-4714-96F0-B125F7C82134,1D7BAE72-56A5-4733-ACBC-62B7BF90F124,3FA85F64-5717-4562-B3FC-2C963F66A124,1,133,137,username223
124,A148144B-0F47-4714-96F0-B125F7C82135,1D7BAE72-56A5-4733-ACBC-62B7BF90F125,3FA85F64-5717-4562-B3FC-2C963F66A125,1,134,138,username224
125,A148144B-0F47-4714-96F0-B125F7C82136,1D7BAE72-56A5-4733-ACBC-62B7BF90F126,3FA85F64-5717-4562-B3FC-2C963F66A126,1,135,139,username225
126,A148144B-0F47-4714-96F0-B125F7C82137,1D7BAE72-56A5-4733-ACBC-62B7BF90F127,3FA85F64-5717-4562-B3FC-2C963F66A127,1,136,140,username226
127,A148144B-0F47-4714-96F0-B125F7C82138,1D7BAE72-56A5-4733-ACBC-62B7BF90F128,3FA85F64-5717-4562-B3FC-2C963F66A128,1,137,141,username227
128,A148144B-0F47-4714-96F0-B125F7C82139,1D7BAE72-56A5-4733-ACBC-62B7BF90F129,3FA85F64-5717-4562-B3FC-2C963F66A129,1,138,142,username228
129,A148144B-0F47-4714-96F0-B125F7C82140,1D7BAE72-56A5-4733-ACBC-62B7BF90F130,3FA85F64-5717-4562-B3FC-2C963F66A130,1,139,143,username229
130,A148144B-0F47-4714-96F0-B125F7C82141,1D7BAE72-56A5-4733-ACBC-62B7BF90F131,3FA85F64-5717-4562-B3FC-2C963F66A131,1,140,144,username230
131,A148144B-0F47-4714-96F0-B125F7C82142,1D7BAE72-56A5-4733-ACBC-62B7BF90F132,3FA85F64-5717-4562-B3FC-2C963F66A132,1,141,145,username231
132,A148144B-0F47-4714-96F0-B125F7C82143,1D7BAE72-56A5-4733-ACBC-62B7BF90F133,3FA85F64-5717-4562-B3FC-2C963F66A133,1,142,146,username232
133,A148144B-0F47-4714-96F0-B125F7C82144,1D7BAE72-56A5-4733-ACBC-62B7BF90F134,3FA85F64-5717-4562-B3FC-2C963F66A134,1,143,147,username233
134,A148144B-0F47-4714-96F0-B125F7C82145,1D7BAE72-56A5-4733-ACBC-62B7BF90F135,3FA85F64-5717-4562-B3FC-2C963F66A135,1,144,148,username234
135,A148144B-0F47-4714-96F0-B125F7C82146,1D7BAE72-56A5-4733-ACBC-62B7BF90F136,3FA85F64-5717-4562-B3FC-2C963F66A136,1,145,149,username235
136,A148144B-0F47-4714-96F0-B125F7C82147,1D7BAE72-56A5-4733-ACBC-62B7BF90F137,3FA85F64-5717-4562-B3FC-2C963F66A137,1,146,150,username236
137,A148144B-0F47-4714-96F0-B125F7C82148,1D7BAE72-56A5-4733-ACBC-62B7BF90F138,3FA85F64-5717-4562-B3FC-2C963F66A138,1,147,151,username237
138,A148144B-0F47-4714-96F0-B125F7C82149,1D7BAE72-56A5-4733-ACBC-62B7BF90F139,3FA85F64-5717-4562-B3FC-2C963F66A139,1,148,152,username238
139,A148144B-0F47-4714-96F0-B125F7C82150,1D7BAE72-56A5-4733-ACBC-62B7BF90F140,3FA85F64-5717-4562-B3FC-2C963F66A140,1,149,153,username239
140,A148144B-0F47-4714-96F0-B125F7C82151,1D7BAE72-56A5-4733-ACBC-62B7BF90F141,3FA85F64-5717-4562-B3FC-2C963F66A141,1,150,154,username240
141,A148144B-0F47-4714-96F0-B125F7C82152,1D7BAE72-56A5-4733-ACBC-62B7BF90F142,3FA85F64-5717-4562-B3FC-2C963F66A142,1,151,155,username241
142,A148144B-0F47-4714-96F0-B125F7C82153,1D7BAE72-56A5-4733-ACBC-62B7BF90F143,3FA85F64-5717-4562-B3FC-2C963F66A143,1,152,156,username242
143,A148144B-0F47-4714-96F0-B125F7C82154,1D7BAE72-56A5-4733-ACBC-62B7BF90F144,3FA85F64-5717-4562-B3FC-2C963F66A144,1,153,157,username243
144,A148144B-0F47-4714-96F0-B125F7C82155,1D7BAE72-56A5-4733-ACBC-62B7BF90F145,3FA85F64-5717-4562-B3FC-2C963F66A145,1,154,158,username244
145,A148144B-0F47-4714-96F0-B125F7C82156,1D7BAE72-56A5-4733-ACBC-62B7BF90F146,3FA85F64-5717-4562-B3FC-2C963F66A146,1,155,159,username245
146,A148144B-0F47-4714-96F0-B125F7C82157,1D7BAE72-56A5-4733-ACBC-62B7BF90F147,3FA85F64-5717-4562-B3FC-2C963F66A147,1,156,160,username246
147,A148144B-0F47-4714-96F0-B125F7C82158,1D7BAE72-56A5-4733-ACBC-62B7BF90F148,3FA85F64-5717-4562-B3FC-2C963F66A148,1,157,161,username247
148,A148144B-0F47-4714-96F0-B125F7C82159,1D7BAE72-56A5-4733-ACBC-62B7BF90F149,3FA85F64-5717-4562-B3FC-2C963F66A149,1,158,162,username248
149,A148144B-0F47-4714-96F0-B125F7C82160,1D7BAE72-56A5-4733-ACBC-62B7BF90F150,3FA85F64-5717-4562-B3FC-2C963F66A150,1,159,163,username249
150,A148144B-0F47-4714-96F0-B125F7C82161,1D7BAE72-56A5-4733-ACBC-62B7BF90F151,3FA85F64-5717-4562-B3FC-2C963F66A151,1,160,164,username250
151,A148144B-0F47-4714-96F0-B125F7C82162,1D7BAE72-56A5-4733-ACBC-62B7BF90F152,3FA85F64-5717-4562-B3FC-2C963F66A152,1,161,165,username251
152,A148144B-0F47-4714-96F0-B125F7C82163,1D7BAE72-56A5-4733-ACBC-62B7BF90F153,3FA85F64-5717-4562-B3FC-2C963F66A153,1,162,166,username252
153,A148144B-0F47-4714-96F0-B125F7C82164,1D7BAE72-56A5-4733-ACBC-62B7BF90F154,3FA85F64-5717-4562-B3FC-2C963F66A154,1,163,167,username253
154,A148144B-0F47-4714-96F0-B125F7C82165,1D7BAE72-56A5-4733-ACBC-62B7BF90F155,3FA85F64-5717-4562-B3FC-2C963F66A155,1,164,168,username254
155,A148144B-0F47-4714-96F0-B125F7C82166,1D7BAE72-56A5-4733-ACBC-62B7BF90F156,3FA85F64-5717-4562-B3FC-2C963F66A156,1,165,169,username255
156,A148144B-0F47-4714-96F0-B125F7C82167,1D7BAE72-56A5-4733-ACBC-62B7BF90F157,3FA85F64-5717-4562-B3FC-2C963F66A157,1,166,170,username256
157,A148144B-0F47-4714-96F0-B125F7C82168,1D7BAE72-56A5-4733-ACBC-62B7BF90F158,3FA85F64-5717-4562-B3FC-2C963F66A158,1,167,171,username257
158,A148144B-0F47-4714-96F0-B125F7C82169,1D7BAE72-56A5-4733-ACBC-62B7BF90F159,3FA85F64-5717-4562-B3FC-2C963F66A159,1,168,172,username258
159,A148144B-0F47-4714-96F0-B125F7C82170,1D7BAE72-56A5-4733-ACBC-62B7BF90F160,3FA85F64-5717-4562-B3FC-2C963F66A160,1,169,173,username259
160,A148144B-0F47-4714-96F0-B125F7C82171,1D7BAE72-56A5-4733-ACBC-62B7BF90F161,3FA85F64-5717-4562-B3FC-2C963F66A161,1,170,174,username260
161,A148144B-0F47-4714-96F0-B125F7C82172,1D7BAE72-56A5-4733-ACBC-62B7BF90F162,3FA85F64-5717-4562-B3FC-2C963F66A162,1,171,175,username261
162,A148144B-0F47-4714-96F0-B125F7C82173,1D7BAE72-56A5-4733-ACBC-62B7BF90F163,3FA85F64-5717-4562-B3FC-2C963F66A163,1,172,176,username262
163,A148144B-0F47-4714-96F0-B125F7C82174,1D7BAE72-56A5-4733-ACBC-62B7BF90F164,3FA85F64-5717-4562-B3FC-2C963F66A164,1,173,177,username263
164,A148144B-0F47-4714-96F0-B125F7C82175,1D7BAE72-56A5-4733-ACBC-62B7BF90F165,3FA85F64-5717-4562-B3FC-2C963F66A165,1,174,178,username264
165,A148144B-0F47-4714-96F0-B125F7C82176,1D7BAE72-56A5-4733-ACBC-62B7BF90F166,3FA85F64-5717-4562-B3FC-2C963F66A166,1,175,179,username265
166,A148144B-0F47-4714-96F0-B125F7C82177,1D7BAE72-56A5-4733-ACBC-62B7BF90F167,3FA85F64-5717-4562-B3FC-2C963F66A167,1,176,180,username266
167,A148144B-0F47-4714-96F0-B125F7C82178,1D7BAE72-56A5-4733-ACBC-62B7BF90F168,3FA85F64-5717-4562-B3FC-2C963F66A168,1,177,181,username267
168,A148144B-0F47-4714-96F0-B125F7C82179,1D7BAE72-56A5-4733-ACBC-62B7BF90F169,3FA85F64-5717-4562-B3FC-2C963F66A169,1,178,182,username268
169,A148144B-0F47-4714-96F0-B125F7C82180,1D7BAE72-56A5-4733-ACBC-62B7BF90F170,3FA85F64-5717-4562-B3FC-2C963F66A170,1,179,183,username269
170,A148144B-0F47-4714-96F0-B125F7C82181,1D7BAE72-56A5-4733-ACBC-62B7BF90F171,3FA85F64-5717-4562-B3FC-2C963F66A171,1,180,184,username270
171,A148144B-0F47-4714-96F0-B125F7C82182,1D7BAE72-56A5-4733-ACBC-62B7BF90F172,3FA85F64-5717-4562-B3FC-2C963F66A172,1,181,185,username271
172,A148144B-0F47-4714-96F0-B125F7C82183,1D7BAE72-56A5-4733-ACBC-62B7BF90F173,3FA85F64-5717-4562-B3FC-2C963F66A173,1,182,186,username272
173,A148144B-0F47-4714-96F0-B125F7C82184,1D7BAE72-56A5-4733-ACBC-62B7BF90F174,3FA85F64-5717-4562-B3FC-2C963F66A174,1,183,187,username273
174,A148144B-0F47-4714-96F0-B125F7C82185,1D7BAE72-56A5-4733-ACBC-62B7BF90F175,3FA85F64-5717-4562-B3FC-2C963F66A175,1,184,188,username274
175,A148144B-0F47-4714-96F0-B125F7C82186,1D7BAE72-56A5-4733-ACBC-62B7BF90F176,3FA85F64-5717-4562-B3FC-2C963F66A176,1,185,189,username275
176,A148144B-0F47-4714-96F0-B125F7C82187,1D7BAE72-56A5-4733-ACBC-62B7BF90F177,3FA85F64-5717-4562-B3FC-2C963F66A177,1,186,190,username276
177,A148144B-0F47-4714-96F0-B125F7C82188,1D7BAE72-56A5-4733-ACBC-62B7BF90F178,3FA85F64-5717-4562-B3FC-2C963F66A178,1,187,191,username277
178,A148144B-0F47-4714-96F0-B125F7C82189,1D7BAE72-56A5-4733-ACBC-62B7BF90F179,3FA85F64-5717-4562-B3FC-2C963F66A179,1,188,192,username278
179,A148144B-0F47-4714-96F0-B125F7C82190,1D7BAE72-56A5-4733-ACBC-62B7BF90F180,3FA85F64-5717-4562-B3FC-2C963F66A180,1,189,193,username279
180,A148144B-0F47-4714-96F0-B125F7C82191,1D7BAE72-56A5-4733-ACBC-62B7BF90F181,3FA85F64-5717-4562-B3FC-2C963F66A181,1,190,194,username280
181,A148144B-0F47-4714-96F0-B125F7C82192,1D7BAE72-56A5-4733-ACBC-62B7BF90F182,3FA85F64-5717-4562-B3FC-2C963F66A182,1,191,195,username281
182,A148144B-0F47-4714-96F0-B125F7C82193,1D7BAE72-56A5-4733-ACBC-62B7BF90F183,3FA85F64-5717-4562-B3FC-2C963F66A183,1,192,196,username282
183,A148144B-0F47-4714-96F0-B125F7C82194,1D7BAE72-56A5-4733-ACBC-62B7BF90F184,3FA85F64-5717-4562-B3FC-2C963F66A184,1,193,197,username283
184,A148144B-0F47-4714-96F0-B125F7C82195,1D7BAE72-56A5-4733-ACBC-62B7BF90F185,3FA85F64-5717-4562-B3FC-2C963F66A185,1,194,198,username284
185,A148144B-0F47-4714-96F0-B125F7C82196,1D7BAE72-56A5-4733-ACBC-62B7BF90F186,3FA85F64-5717-4562-B3FC-2C963F66A186,1,195,199,username285
186,A148144B-0F47-4714-96F0-B125F7C82197,1D7BAE72-56A5-4733-ACBC-62B7BF90F187,3FA85F64-5717-4562-B3FC-2C963F66A187,1,196,200,username286
187,A148144B-0F47-4714-96F0-B125F7C82198,1D7BAE72-56A5-4733-ACBC-62B7BF90F188,3FA85F64-5717-4562-B3FC-2C963F66A188,1,197,201,username287
188,A148144B-0F47-4714-96F0-B125F7C82199,1D7BAE72-56A5-4733-ACBC-62B7BF90F189,3FA85F64-5717-4562-B3FC-2C963F66A189,1,198,202,username288
189,A148144B-0F47-4714-96F0-B125F7C82200,1D7BAE72-56A5-4733-ACBC-62B7BF90F190,3FA85F64-5717-4562-B3FC-2C963F66A190,1,199,203,username289
190,A148144B-0F47-4714-96F0-B125F7C82201,1D7BAE72-56A5-4733-ACBC-62B7BF90F191,3FA85F64-5717-4562-B3FC-2C963F66A191,1,200,204,username290
191,A148144B-0F47-4714-96F0-B125F7C82202,1D7BAE72-56A5-4733-ACBC-62B7BF90F192,3FA85F64-5717-4562-B3FC-2C963F66A192,1,201,205,username291
192,A148144B-0F47-4714-96F0-B125F7C82203,1D7BAE72-56A5-4733-ACBC-62B7BF90F193,3FA85F64-5717-4562-B3FC-2C963F66A193,1,202,206,username292
193,A148144B-0F47-4714-96F0-B125F7C82204,1D7BAE72-56A5-4733-ACBC-62B7BF90F194,3FA85F64-5717-4562-B3FC-2C963F66A194,1,203,207,username293
194,A148144B-0F47-4714-96F0-B125F7C82205,1D7BAE72-56A5-4733-ACBC-62B7BF90F195,3FA85F64-5717-4562-B3FC-2C963F66A195,1,204,208,username294
195,A148144B-0F47-4714-96F0-B125F7C82206,1D7BAE72-56A5-4733-ACBC-62B7BF90F196,3FA85F64-5717-4562-B3FC-2C963F66A196,1,205,209,username295
196,A148144B-0F47-4714-96F0-B125F7C82207,1D7BAE72-56A5-4733-ACBC-62B7BF90F197,3FA85F64-5717-4562-B3FC-2C963F66A197,1,206,210,username296
197,A148144B-0F47-4714-96F0-B125F7C82208,1D7BAE72-56A5-4733-ACBC-62B7BF90F198,3FA85F64-5717-4562-B3FC-2C963F66A198,1,207,211,username297
198,A148144B-0F47-4714-96F0-B125F7C82209,1D7BAE72-56A5-4733-ACBC-62B7BF90F199,3FA85F64-5717-4562-B3FC-2C963F66A199,1,208,212,username298
199,A148144B-0F47-4714-96F0-B125F7C82210,1D7BAE72-56A5-4733-ACBC-62B7BF90F200,3FA85F64-5717-4562-B3FC-2C963F66A200,1,209,213,username299
200,A148144B-0F47-4714-96F0-B125F7C82211,1D7BAE72-56A5-4733-ACBC-62B7BF90F201,3FA85F64-5717-4562-B3FC-2C963F66A201,1,210,214,username300
201,A148144B-0F47-4714-96F0-B125F7C82212,1D7BAE72-56A5-4733-ACBC-62B7BF90F202,3FA85F64-5717-4562-B3FC-2C963F66A202,1,211,215,username301
202,A148144B-0F47-4714-96F0-B125F7C82213,1D7BAE72-56A5-4733-ACBC-62B7BF90F203,3FA85F64-5717-4562-B3FC-2C963F66A203,1,212,216,username302
203,A148144B-0F47-4714-96F0-B125F7C82214,1D7BAE72-56A5-4733-ACBC-62B7BF90F204,3FA85F64-5717-4562-B3FC-2C963F66A204,1,213,217,username303
204,A148144B-0F47-4714-96F0-B125F7C82215,1D7BAE72-56A5-4733-ACBC-62B7BF90F205,3FA85F64-5717-4562-B3FC-2C963F66A205,1,214,218,username304
205,A148144B-0F47-4714-96F0-B125F7C82216,1D7BAE72-56A5-4733-ACBC-62B7BF90F206,3FA85F64-5717-4562-B3FC-2C963F66A206,1,215,219,username305
206,A148144B-0F47-4714-96F0-B125F7C82217,1D7BAE72-56A5-4733-ACBC-62B7BF90F207,3FA85F64-5717-4562-B3FC-2C963F66A207,1,216,220,username306
207,A148144B-0F47-4714-96F0-B125F7C82218,1D7BAE72-56A5-4733-ACBC-62B7BF90F208,3FA85F64-5717-4562-B3FC-2C963F66A208,1,217,221,username307
208,A148144B-0F47-4714-96F0-B125F7C82219,1D7BAE72-56A5-4733-ACBC-62B7BF90F209,3FA85F64-5717-4562-B3FC-2C963F66A209,1,218,222,username308
209,A148144B-0F47-4714-96F0-B125F7C82220,1D7BAE72-56A5-4733-ACBC-62B7BF90F210,3FA85F64-5717-4562-B3FC-2C963F66A210,1,219,223,username309
210,A148144B-0F47-4714-96F0-B125F7C82221,1D7BAE72-56A5-4733-ACBC-62B7BF90F211,3FA85F64-5717-4562-B3FC-2C963F66A211,1,220,224,username310
211,A148144B-0F47-4714-96F0-B125F7C82222,1D7BAE72-56A5-4733-ACBC-62B7BF90F212,3FA85F64-5717-4562-B3FC-2C963F66A212,1,221,225,username311
212,A148144B-0F47-4714-96F0-B125F7C82223,1D7BAE72-56A5-4733-ACBC-62B7BF90F213,3FA85F64-5717-4562-B3FC-2C963F66A213,1,222,226,username312
213,A148144B-0F47-4714-96F0-B125F7C82224,1D7BAE72-56A5-4733-ACBC-62B7BF90F214,3FA85F64-5717-4562-B3FC-2C963F66A214,1,223,227,username313
214,A148144B-0F47-4714-96F0-B125F7C82225,1D7BAE72-56A5-4733-ACBC-62B7BF90F215,3FA85F64-5717-4562-B3FC-2C963F66A215,1,224,228,username314
215,A148144B-0F47-4714-96F0-B125F7C82226,1D7BAE72-56A5-4733-ACBC-62B7BF90F216,3FA85F64-5717-4562-B3FC-2C963F66A216,1,225,229,username315
216,A148144B-0F47-4714-96F0-B125F7C82227,1D7BAE72-56A5-4733-ACBC-62B7BF90F217,3FA85F64-5717-4562-B3FC-2C963F66A217,1,226,230,username316
217,A148144B-0F47-4714-96F0-B125F7C82228,1D7BAE72-56A5-4733-ACBC-62B7BF90F218,3FA85F64-5717-4562-B3FC-2C963F66A218,1,227,231,username317
218,A148144B-0F47-4714-96F0-B125F7C82229,1D7BAE72-56A5-4733-ACBC-62B7BF90F219,3FA85F64-5717-4562-B3FC-2C963F66A219,1,228,232,username318
219,A148144B-0F47-4714-96F0-B125F7C82230,1D7BAE72-56A5-4733-ACBC-62B7BF90F220,3FA85F64-5717-4562-B3FC-2C963F66A220,1,229,233,username319
220,A148144B-0F47-4714-96F0-B125F7C82231,1D7BAE72-56A5-4733-ACBC-62B7BF90F221,3FA85F64-5717-4562-B3FC-2C963F66A221,1,230,234,username320
221,A148144B-0F47-4714-96F0-B125F7C82232,1D7BAE72-56A5-4733-ACBC-62B7BF90F222,3FA85F64-5717-4562-B3FC-2C963F66A222,1,231,235,username321
222,A148144B-0F47-4714-96F0-B125F7C82233,1D7BAE72-56A5-4733-ACBC-62B7BF90F223,3FA85F64-5717-4562-B3FC-2C963F66A223,1,232,236,username322
223,A148144B-0F47-4714-96F0-B125F7C82234,1D7BAE72-56A5-4733-ACBC-62B7BF90F224,3FA85F64-5717-4562-B3FC-2C963F66A224,1,233,237,username323
224,A148144B-0F47-4714-96F0-B125F7C82235,1D7BAE72-56A5-4733-ACBC-62B7BF90F225,3FA85F64-5717-4562-B3FC-2C963F66A225,1,234,238,username324
225,A148144B-0F47-4714-96F0-B125F7C82236,1D7BAE72-56A5-4733-ACBC-62B7BF90F226,3FA85F64-5717-4562-B3FC-2C963F66A226,1,235,239,username325
226,A148144B-0F47-4714-96F0-B125F7C82237,1D7BAE72-56A5-4733-ACBC-62B7BF90F227,3FA85F64-5717-4562-B3FC-2C963F66A227,1,236,240,username326
227,A148144B-0F47-4714-96F0-B125F7C82238,1D7BAE72-56A5-4733-ACBC-62B7BF90F228,3FA85F64-5717-4562-B3FC-2C963F66A228,1,237,241,username327
228,A148144B-0F47-4714-96F0-B125F7C82239,1D7BAE72-56A5-4733-ACBC-62B7BF90F229,3FA85F64-5717-4562-B3FC-2C963F66A229,1,238,242,username328
229,A148144B-0F47-4714-96F0-B125F7C82240,1D7BAE72-56A5-4733-ACBC-62B7BF90F230,3FA85F64-5717-4562-B3FC-2C963F66A230,1,239,243,username329
230,A148144B-0F47-4714-96F0-B125F7C82241,1D7BAE72-56A5-4733-ACBC-62B7BF90F231,3FA85F64-5717-4562-B3FC-2C963F66A231,1,240,244,username330
231,A148144B-0F47-4714-96F0-B125F7C82242,1D7BAE72-56A5-4733-ACBC-62B7BF90F232,3FA85F64-5717-4562-B3FC-2C963F66A232,1,241,245,username331
232,A148144B-0F47-4714-96F0-B125F7C82243,1D7BAE72-56A5-4733-ACBC-62B7BF90F233,3FA85F64-5717-4562-B3FC-2C963F66A233,1,242,246,username332
233,A148144B-0F47-4714-96F0-B125F7C82244,1D7BAE72-56A5-4733-ACBC-62B7BF90F234,3FA85F64-5717-4562-B3FC-2C963F66A234,1,243,247,username333
234,A148144B-0F47-4714-96F0-B125F7C82245,1D7BAE72-56A5-4733-ACBC-62B7BF90F235,3FA85F64-5717-4562-B3FC-2C963F66A235,1,244,248,username334
235,A148144B-0F47-4714-96F0-B125F7C82246,1D7BAE72-56A5-4733-ACBC-62B7BF90F236,3FA85F64-5717-4562-B3FC-2C963F66A236,1,245,249,username335
236,A148144B-0F47-4714-96F0-B125F7C82247,1D7BAE72-56A5-4733-ACBC-62B7BF90F237,3FA85F64-5717-4562-B3FC-2C963F66A237,1,246,250,username336
237,A148144B-0F47-4714-96F0-B125F7C82248,1D7BAE72-56A5-4733-ACBC-62B7BF90F238,3FA85F64-5717-4562-B3FC-2C963F66A238,1,247,251,username337
238,A148144B-0F47-4714-96F0-B125F7C82249,1D7BAE72-56A5-4733-ACBC-62B7BF90F239,3FA85F64-5717-4562-B3FC-2C963F66A239,1,248,252,username338
239,A148144B-0F47-4714-96F0-B125F7C82250,1D7BAE72-56A5-4733-ACBC-62B7BF90F240,3FA85F64-5717-4562-B3FC-2C963F66A240,1,249,253,username339
240,A148144B-0F47-4714-96F0-B125F7C82251,1D7BAE72-56A5-4733-ACBC-62B7BF90F241,3FA85F64-5717-4562-B3FC-2C963F66A241,1,250,254,username340
241,A148144B-0F47-4714-96F0-B125F7C82252,1D7BAE72-56A5-4733-ACBC-62B7BF90F242,3FA85F64-5717-4562-B3FC-2C963F66A242,1,251,255,username341
242,A148144B-0F47-4714-96F0-B125F7C82253,1D7BAE72-56A5-4733-ACBC-62B7BF90F243,3FA85F64-5717-4562-B3FC-2C963F66A243,1,252,256,username342
243,A148144B-0F47-4714-96F0-B125F7C82254,1D7BAE72-56A5-4733-ACBC-62B7BF90F244,3FA85F64-5717-4562-B3FC-2C963F66A244,1,253,257,username343
244,A148144B-0F47-4714-96F0-B125F7C82255,1D7BAE72-56A5-4733-ACBC-62B7BF90F245,3FA85F64-5717-4562-B3FC-2C963F66A245,1,254,258,username344
245,A148144B-0F47-4714-96F0-B125F7C82256,1D7BAE72-56A5-4733-ACBC-62B7BF90F246,3FA85F64-5717-4562-B3FC-2C963F66A246,1,255,259,username345
246,A148144B-0F47-4714-96F0-B125F7C82257,1D7BAE72-56A5-4733-ACBC-62B7BF90F247,3FA85F64-5717-4562-B3FC-2C963F66A247,1,256,260,username346
247,A148144B-0F47-4714-96F0-B125F7C82258,1D7BAE72-56A5-4733-ACBC-62B7BF90F248,3FA85F64-5717-4562-B3FC-2C963F66A248,1,257,261,username347
248,A148144B-0F47-4714-96F0-B125F7C82259,1D7BAE72-56A5-4733-ACBC-62B7BF90F249,3FA85F64-5717-4562-B3FC-2C963F66A249,1,258,262,username348
249,A148144B-0F47-4714-96F0-B125F7C82260,1D7BAE72-56A5-4733-ACBC-62B7BF90F250,3FA85F64-5717-4562-B3FC-2C963F66A250,1,259,263,username349
250,A148144B-0F47-4714-96F0-B125F7C82261,1D7BAE72-56A5-4733-ACBC-62B7BF90F251,3FA85F64-5717-4562-B3FC-2C963F66A251,1,260,264,username350
251,A148144B-0F47-4714-96F0-B125F7C82262,1D7BAE72-56A5-4733-ACBC-62B7BF90F252,3FA85F64-5717-4562-B3FC-2C963F66A252,1,261,265,username351
252,A148144B-0F47-4714-96F0-B125F7C82263,1D7BAE72-56A5-4733-ACBC-62B7BF90F253,3FA85F64-5717-4562-B3FC-2C963F66A253,1,262,266,username352
253,A148144B-0F47-4714-96F0-B125F7C82264,1D7BAE72-56A5-4733-ACBC-62B7BF90F254,3FA85F64-5717-4562-B3FC-2C963F66A254,1,263,267,username353
254,A148144B-0F47-4714-96F0-B125F7C82265,1D7BAE72-56A5-4733-ACBC-62B7BF90F255,3FA85F64-5717-4562-B3FC-2C963F66A255,1,264,268,username354
255,A148144B-0F47-4714-96F0-B125F7C82266,1D7BAE72-56A5-4733-ACBC-62B7BF90F256,3FA85F64-5717-4562-B3FC-2C963F66A256,1,265,269,username355
256,A148144B-0F47-4714-96F0-B125F7C82267,1D7BAE72-56A5-4733-ACBC-62B7BF90F257,3FA85F64-5717-4562-B3FC-2C963F66A257,1,266,270,username356
257,A148144B-0F47-4714-96F0-B125F7C82268,1D7BAE72-56A5-4733-ACBC-62B7BF90F258,3FA85F64-5717-4562-B3FC-2C963F66A258,1,267,271,username357
258,A148144B-0F47-4714-96F0-B125F7C82269,1D7BAE72-56A5-4733-ACBC-62B7BF90F259,3FA85F64-5717-4562-B3FC-2C963F66A259,1,268,272,username358
259,A148144B-0F47-4714-96F0-B125F7C82270,1D7BAE72-56A5-4733-ACBC-62B7BF90F260,3FA85F64-5717-4562-B3FC-2C963F66A260,1,269,273,username359
260,A148144B-0F47-4714-96F0-B125F7C82271,1D7BAE72-56A5-4733-ACBC-62B7BF90F261,3FA85F64-5717-4562-B3FC-2C963F66A261,1,270,274,username360
261,A148144B-0F47-4714-96F0-B125F7C82272,1D7BAE72-56A5-4733-ACBC-62B7BF90F262,3FA85F64-5717-4562-B3FC-2C963F66A262,1,271,275,username361
262,A148144B-0F47-4714-96F0-B125F7C82273,1D7BAE72-56A5-4733-ACBC-62B7BF90F263,3FA85F64-5717-4562-B3FC-2C963F66A263,1,272,276,username362
263,A148144B-0F47-4714-96F0-B125F7C82274,1D7BAE72-56A5-4733-ACBC-62B7BF90F264,3FA85F64-5717-4562-B3FC-2C963F66A264,1,273,277,username363
264,A148144B-0F47-4714-96F0-B125F7C82275,1D7BAE72-56A5-4733-ACBC-62B7BF90F265,3FA85F64-5717-4562-B3FC-2C963F66A265,1,274,278,username364
265,A148144B-0F47-4714-96F0-B125F7C82276,1D7BAE72-56A5-4733-ACBC-62B7BF90F266,3FA85F64-5717-4562-B3FC-2C963F66A266,1,275,279,username365
266,A148144B-0F47-4714-96F0-B125F7C82277,1D7BAE72-56A5-4733-ACBC-62B7BF90F267,3FA85F64-5717-4562-B3FC-2C963F66A267,1,276,280,username366
267,A148144B-0F47-4714-96F0-B125F7C82278,1D7BAE72-56A5-4733-ACBC-62B7BF90F268,3FA85F64-5717-4562-B3FC-2C963F66A268,1,277,281,username367
268,A148144B-0F47-4714-96F0-B125F7C82279,1D7BAE72-56A5-4733-ACBC-62B7BF90F269,3FA85F64-5717-4562-B3FC-2C963F66A269,1,278,282,username368
269,A148144B-0F47-4714-96F0-B125F7C82280,1D7BAE72-56A5-4733-ACBC-62B7BF90F270,3FA85F64-5717-4562-B3FC-2C963F66A270,1,279,283,username369
270,A148144B-0F47-4714-96F0-B125F7C82281,1D7BAE72-56A5-4733-ACBC-62B7BF90F271,3FA85F64-5717-4562-B3FC-2C963F66A271,1,280,284,username370
271,A148144B-0F47-4714-96F0-B125F7C82282,1D7BAE72-56A5-4733-ACBC-62B7BF90F272,3FA85F64-5717-4562-B3FC-2C963F66A272,1,281,285,username371
272,A148144B-0F47-4714-96F0-B125F7C82283,1D7BAE72-56A5-4733-ACBC-62B7BF90F273,3FA85F64-5717-4562-B3FC-2C963F66A273,1,282,286,username372
273,A148144B-0F47-4714-96F0-B125F7C82284,1D7BAE72-56A5-4733-ACBC-62B7BF90F274,3FA85F64-5717-4562-B3FC-2C963F66A274,1,283,287,username373
274,A148144B-0F47-4714-96F0-B125F7C82285,1D7BAE72-56A5-4733-ACBC-62B7BF90F275,3FA85F64-5717-4562-B3FC-2C963F66A275,1,284,288,username374
275,A148144B-0F47-4714-96F0-B125F7C82286,1D7BAE72-56A5-4733-ACBC-62B7BF90F276,3FA85F64-5717-4562-B3FC-2C963F66A276,1,285,289,username375
276,A148144B-0F47-4714-96F0-B125F7C82287,1D7BAE72-56A5-4733-ACBC-62B7BF90F277,3FA85F64-5717-4562-B3FC-2C963F66A277,1,286,290,username376
277,A148144B-0F47-4714-96F0-B125F7C82288,1D7BAE72-56A5-4733-ACBC-62B7BF90F278,3FA85F64-5717-4562-B3FC-2C963F66A278,1,287,291,username377
278,A148144B-0F47-4714-96F0-B125F7C82289,1D7BAE72-56A5-4733-ACBC-62B7BF90F279,3FA85F64-5717-4562-B3FC-2C963F66A279,1,288,292,username378
279,A148144B-0F47-4714-96F0-B125F7C82290,1D7BAE72-56A5-4733-ACBC-62B7BF90F280,3FA85F64-5717-4562-B3FC-2C963F66A280,1,289,293,username379
280,A148144B-0F47-4714-96F0-B125F7C82291,1D7BAE72-56A5-4733-ACBC-62B7BF90F282,3FA85F64-5717-4562-B3FC-2C963F66A282,1,290,295,username380
281,A148144B-0F47-4714-96F0-B125F7C82292,1D7BAE72-56A5-4733-ACBC-62B7BF90F283,3FA85F64-5717-4562-B3FC-2C963F66A283,1,291,296,username381
282,A148144B-0F47-4714-96F0-B125F7C82293,1D7BAE72-56A5-4733-ACBC-62B7BF90F284,3FA85F64-5717-4562-B3FC-2C963F66A284,1,292,297,username382
283,A148144B-0F47-4714-96F0-B125F7C82294,1D7BAE72-56A5-4733-ACBC-62B7BF90F285,3FA85F64-5717-4562-B3FC-2C963F66A285,1,293,298,username383
284,A148144B-0F47-4714-96F0-B125F7C82295,1D7BAE72-56A5-4733-ACBC-62B7BF90F286,3FA85F64-5717-4562-B3FC-2C963F66A286,1,294,299,username384
285,A148144B-0F47-4714-96F0-B125F7C82296,1D7BAE72-56A5-4733-ACBC-62B7BF90F287,3FA85F64-5717-4562-B3FC-2C963F66A287,1,295,300,username385
286,A148144B-0F47-4714-96F0-B125F7C82297,1D7BAE72-56A5-4733-ACBC-62B7BF90F288,3FA85F64-5717-4562-B3FC-2C963F66A288,1,296,301,username386
287,A148144B-0F47-4714-96F0-B125F7C82298,1D7BAE72-56A5-4733-ACBC-62B7BF90F289,3FA85F64-5717-4562-B3FC-2C963F66A289,1,297,302,username387
288,A148144B-0F47-4714-96F0-B125F7C82299,1D7BAE72-56A5-4733-ACBC-62B7BF90F290,3FA85F64-5717-4562-B3FC-2C963F66A290,1,298,303,username388
289,A148144B-0F47-4714-96F0-B125F7C82300,1D7BAE72-56A5-4733-ACBC-62B7BF90F291,3FA85F64-5717-4562-B3FC-2C963F66A291,1,299,304,username389
290,A148144B-0F47-4714-96F0-B125F7C82301,1D7BAE72-56A5-4733-ACBC-62B7BF90F292,3FA85F64-5717-4562-B3FC-2C963F66A292,1,300,305,username390
291,A148144B-0F47-4714-96F0-B125F7C82302,1D7BAE72-56A5-4733-ACBC-62B7BF90F293,3FA85F64-5717-4562-B3FC-2C963F66A293,1,301,306,username391
292,A148144B-0F47-4714-96F0-B125F7C82303,1D7BAE72-56A5-4733-ACBC-62B7BF90F294,3FA85F64-5717-4562-B3FC-2C963F66A294,1,302,307,username392
293,A148144B-0F47-4714-96F0-B125F7C82304,1D7BAE72-56A5-4733-ACBC-62B7BF90F295,3FA85F64-5717-4562-B3FC-2C963F66A295,1,303,308,username393
294,A148144B-0F47-4714-96F0-B125F7C82305,1D7BAE72-56A5-4733-ACBC-62B7BF90F296,3FA85F64-5717-4562-B3FC-2C963F66A296,1,304,309,username394
295,A148144B-0F47-4714-96F0-B125F7C82306,1D7BAE72-56A5-4733-ACBC-62B7BF90F297,3FA85F64-5717-4562-B3FC-2C963F66A297,1,305,310,username395
296,A148144B-0F47-4714-96F0-B125F7C82307,1D7BAE72-56A5-4733-ACBC-62B7BF90F298,3FA85F64-5717-4562-B3FC-2C963F66A298,1,306,311,username396
297,A148144B-0F47-4714-96F0-B125F7C82308,1D7BAE72-56A5-4733-ACBC-62B7BF90F299,3FA85F64-5717-4562-B3FC-2C963F66A299,1,307,312,username397
298,A148144B-0F47-4714-96F0-B125F7C82309,1D7BAE72-56A5-4733-ACBC-62B7BF90F300,3FA85F64-5717-4562-B3FC-2C963F66A300,1,308,313,username398
299,A148144B-0F47-4714-96F0-B125F7C82310,1D7BAE72-56A5-4733-ACBC-62B7BF90F301,3FA85F64-5717-4562-B3FC-2C963F66A301,1,309,314,username399
300,A148144B-0F47-4714-96F0-B125F7C82311,1D7BAE72-56A5-4733-ACBC-62B7BF90F302,3FA85F64-5717-4562-B3FC-2C963F66A302,1,310,315,username400
301,A148144B-0F47-4714-96F0-B125F7C82312,1D7BAE72-56A5-4733-ACBC-62B7BF90F303,3FA85F64-5717-4562-B3FC-2C963F66A303,1,311,316,username401
302,A148144B-0F47-4714-96F0-B125F7C82314,1D7BAE72-56A5-4733-ACBC-62B7BF90F304,3FA85F64-5717-4562-B3FC-2C963F66A304,1,312,318,username402
303,A148144B-0F47-4714-96F0-B125F7C82315,1D7BAE72-56A5-4733-ACBC-62B7BF90F305,3FA85F64-5717-4562-B3FC-2C963F66A305,1,313,319,username403
304,A148144B-0F47-4714-96F0-B125F7C82316,1D7BAE72-56A5-4733-ACBC-62B7BF90F306,3FA85F64-5717-4562-B3FC-2C963F66A306,1,314,320,username404
305,A148144B-0F47-4714-96F0-B125F7C82317,1D7BAE72-56A5-4733-ACBC-62B7BF90F307,3FA85F64-5717-4562-B3FC-2C963F66A307,1,315,321,username405
306,A148144B-0F47-4714-96F0-B125F7C82318,1D7BAE72-56A5-4733-ACBC-62B7BF90F308,3FA85F64-5717-4562-B3FC-2C963F66A308,1,316,322,username406
307,A148144B-0F47-4714-96F0-B125F7C82319,1D7BAE72-56A5-4733-ACBC-62B7BF90F309,3FA85F64-5717-4562-B3FC-2C963F66A309,1,317,323,username407
308,A148144B-0F47-4714-96F0-B125F7C8231A,1D7BAE72-56A5-4733-ACBC-62B7BF90F30A,3FA85F64-5717-4562-B3FC-2C963F66A30A,1,318,324,username408
309,A148144B-0F47-4714-96F0-B125F7C8231B,1D7BAE72-56A5-4733-ACBC-62B7BF90F30B,3FA85F64-5717-4562-B3FC-2C963F66A30B,1,319,325,username409
310,A148144B-0F47-4714-96F0-B125F7C8231C,1D7BAE72-56A5-4733-ACBC-62B7BF90F30C,3FA85F64-5717-4562-B3FC-2C963F66A30C,1,320,326,username410
311,A148144B-0F47-4714-96F0-B125F7C8231D,1D7BAE72-56A5-4733-ACBC-62B7BF90F30D,3FA85F64-5717-4562-B3FC-2C963F66A30D,1,321,327,username411
312,A148144B-0F47-4714-96F0-B125F7C8231E,1D7BAE72-56A5-4733-ACBC-62B7BF90F30E,3FA85F64-5717-4562-B3FC-2C963F66A30E,1,322,328,username412
313,A148144B-0F47-4714-96F0-B125F7C8231F,1D7BAE72-56A5-4733-ACBC-62B7BF90F30F,3FA85F64-5717-4562-B3FC-2C963F66A30F,1,323,329,username413
314,A148144B-0F47-4714-96F0-B125F7C82320,1D7BAE72-56A5-4733-ACBC-62B7BF90F310,3FA85F64-5717-4562-B3FC-2C963F66A310,1,324,330,username414
315,A148144B-0F47-4714-96F0-B125F7C82321,1D7BAE72-56A5-4733-ACBC-62B7BF90F311,3FA85F64-5717-4562-B3FC-2C963F66A311,1,325,331,username415
316,A148144B-0F47-4714-96F0-B125F7C82322,1D7BAE72-56A5-4733-ACBC-62B7BF90F312,3FA85F64-5717-4562-B3FC-2C963F66A312,1,326,332,username416
317,A148144B-0F47-4714-96F0-B125F7C82323,1D7BAE72-56A5-4733-ACBC-62B7BF90F313,3FA85F64-5717-4562-B3FC-2C963F66A313,1,327,333,username417
318,A148144B-0F47-4714-96F0-B125F7C82324,1D7BAE72-56A5-4733-ACBC-62B7BF90F314,3FA85F64-5717-4562-B3FC-2C963F66A314,1,328,334,username418
319,A148144B-0F47-4714-96F0-B125F7C82325,1D7BAE72-56A5-4733-ACBC-62B7BF90F315,3FA85F64-5717-4562-B3FC-2C963F66A315,1,329,335,username419
320,A148144B-0F47-4714-96F0-B125F7C82326,1D7BAE72-56A5-4733-ACBC-62B7BF90F316,3FA85F64-5717-4562-B3FC-2C963F66A316,1,330,336,username420
321,A148144B-0F47-4714-96F0-B125F7C82327,1D7BAE72-56A5-4733-ACBC-62B7BF90F317,3FA85F64-5717-4562-B3FC-2C963F66A317,1,331,337,username421
322,A148144B-0F47-4714-96F0-B125F7C82328,1D7BAE72-56A5-4733-ACBC-62B7BF90F318,3FA85F64-5717-4562-B3FC-2C963F66A318,1,332,338,username422
323,A148144B-0F47-4714-96F0-B125F7C82329,1D7BAE72-56A5-4733-ACBC-62B7BF90F319,3FA85F64-5717-4562-B3FC-2C963F66A319,1,333,339,username423
324,A148144B-0F47-4714-96F0-B125F7C8232A,1D7BAE72-56A5-4733-ACBC-62B7BF90F31A,3FA85F64-5717-4562-B3FC-2C963F66A31A,1,334,340,username424
325,A148144B-0F47-4714-96F0-B125F7C8232B,1D7BAE72-56A5-4733-ACBC-62B7BF90F31B,3FA85F64-5717-4562-B3FC-2C963F66A31B,1,335,341,username425
326,A148144B-0F47-4714-96F0-B125F7C8232C,1D7BAE72-56A5-4733-ACBC-62B7BF90F31C,3FA85F64-5717-4562-B3FC-2C963F66A31C,1,336,342,username426
327,A148144B-0F47-4714-96F0-B125F7C8232D,1D7BAE72-56A5-4733-ACBC-62B7BF90F31D,3FA85F64-5717-4562-B3FC-2C963F66A31D,1,337,343,username427
328,A148144B-0F47-4714-96F0-B125F7C8232E,1D7BAE72-56A5-4733-ACBC-62B7BF90F31E,3FA85F64-5717-4562-B3FC-2C963F66A31E,1,338,344,username428
329,A148144B-0F47-4714-96F0-B125F7C8232F,1D7BAE72-56A5-4733-ACBC-62B7BF90F31F,3FA85F64-5717-4562-B3FC-2C963F66A31F,1,339,345,username429
330,A148144B-0F47-4714-96F0-B125F7C82330,1D7BAE72-56A5-4733-ACBC-62B7BF90F320,3FA85F64-5717-4562-B3FC-2C963F66A320,1,340,346,username430
331,A148144B-0F47-4714-96F0-B125F7C82331,1D7BAE72-56A5-4733-ACBC-62B7BF90F321,3FA85F64-5717-4562-B3FC-2C963F66A321,1,341,347,username431
332,A148144B-0F47-4714-96F0-B125F7C82332,1D7BAE72-56A5-4733-ACBC-62B7BF90F322,3FA85F64-5717-4562-B3FC-2C963F66A322,1,342,348,username432
333,A148144B-0F47-4714-96F0-B125F7C82333,1D7BAE72-56A5-4733-ACBC-62B7BF90F323,3FA85F64-5717-4562-B3FC-2C963F66A323,1,343,349,username433
334,A148144B-0F47-4714-96F0-B125F7C82334,1D7BAE72-56A5-4733-ACBC-62B7BF90F324,3FA85F64-5717-4562-B3FC-2C963F66A324,1,344,350,username434
335,A148144B-0F47-4714-96F0-B125F7C82335,1D7BAE72-56A5-4733-ACBC-62B7BF90F325,3FA85F64-5717-4562-B3FC-2C963F66A325,1,345,351,username435
336,A148144B-0F47-4714-96F0-B125F7C82336,1D7BAE72-56A5-4733-ACBC-62B7BF90F326,3FA85F64-5717-4562-B3FC-2C963F66A326,1,346,352,username436
337,A148144B-0F47-4714-96F0-B125F7C82337,1D7BAE72-56A5-4733-ACBC-62B7BF90F327,3FA85F64-5717-4562-B3FC-2C963F66A327,1,347,353,username437
338,A148144B-0F47-4714-96F0-B125F7C82338,1D7BAE72-56A5-4733-ACBC-62B7BF90F328,3FA85F64-5717-4562-B3FC-2C963F66A328,1,348,354,username438
339,A148144B-0F47-4714-96F0-B125F7C82339,1D7BAE72-56A5-4733-ACBC-62B7BF90F329,3FA85F64-5717-4562-B3FC-2C963F66A329,1,349,355,username439
340,A148144B-0F47-4714-96F0-B125F7C8233A,1D7BAE72-56A5-4733-ACBC-62B7BF90F32A,3FA85F64-5717-4562-B3FC-2C963F66A32A,1,350,356,username440
341,A148144B-0F47-4714-96F0-B125F7C8233B,1D7BAE72-56A5-4733-ACBC-62B7BF90F32B,3FA85F64-5717-4562-B3FC-2C963F66A32B,1,351,357,username441
342,A148144B-0F47-4714-96F0-B125F7C8233C,1D7BAE72-56A5-4733-ACBC-62B7BF90F32C,3FA85F64-5717-4562-B3FC-2C963F66A32C,1,352,358,username442
343,A148144B-0F47-4714-96F0-B125F7C8233D,1D7BAE72-56A5-4733-ACBC-62B7BF90F32D,3FA85F64-5717-4562-B3FC-2C963F66A32D,1,353,359,username443
344,A148144B-0F47-4714-96F0-B125F7C8233E,1D7BAE72-56A5-4733-ACBC-62B7BF90F32E,3FA85F64-5717-4562-B3FC-2C963F66A32E,1,354,360,username444
345,A148144B-0F47-4714-96F0-B125F7C8233F,1D7BAE72-56A5-4733-ACBC-62B7BF90F32F,3FA85F64-5717-4562-B3FC-2C963F66A32F,1,355,361,username445
346,A148144B-0F47-4714-96F0-B125F7C82340,1D7BAE72-56A5-4733-ACBC-62B7BF90F330,3FA85F64-5717-4562-B3FC-2C963F66A330,1,356,362,username446
347,A148144B-0F47-4714-96F0-B125F7C82341,1D7BAE72-56A5-4733-ACBC-62B7BF90F331,3FA85F64-5717-4562-B3FC-2C963F66A331,1,357,363,username447
348,A148144B-0F47-4714-96F0-B125F7C82342,1D7BAE72-56A5-4733-ACBC-62B7BF90F332,3FA85F64-5717-4562-B3FC-2C963F66A332,1,358,364,username448
349,A148144B-0F47-4714-96F0-B125F7C82343,1D7BAE72-56A5-4733-ACBC-62B7BF90F333,3FA85F64-5717-4562-B3FC-2C963F66A333,1,359,365,username449
350,A148144B-0F47-4714-96F0-B125F7C82344,1D7BAE72-56A5-4733-ACBC-62B7BF90F334,3FA85F64-5717-4562-B3FC-2C963F66A334,1,360,366,username450
351,A148144B-0F47-4714-96F0-B125F7C82345,1D7BAE72-56A5-4733-ACBC-62B7BF90F335,3FA85F64-5717-4562-B3FC-2C963F66A335,1,361,368,username451
352,A148144B-0F47-4714-96F0-B125F7C82346,1D7BAE72-56A5-4733-ACBC-62B7BF90F336,3FA85F64-5717-4562-B3FC-2C963F66A336,1,362,369,username452
353,A148144B-0F47-4714-96F0-B125F7C82347,1D7BAE72-56A5-4733-ACBC-62B7BF90F337,3FA85F64-5717-4562-B3FC-2C963F66A337,1,363,370,username453
354,A148144B-0F47-4714-96F0-B125F7C82348,1D7BAE72-56A5-4733-ACBC-62B7BF90F338,3FA85F64-5717-4562-B3FC-2C963F66A338,1,364,371,username454
355,A148144B-0F47-4714-96F0-B125F7C82349,1D7BAE72-56A5-4733-ACBC-62B7BF90F339,3FA85F64-5717-4562-B3FC-2C963F66A339,1,365,372,username455
356,A148144B-0F47-4714-96F0-B125F7C8234A,1D7BAE72-56A5-4733-ACBC-62B7BF90F33A,3FA85F64-5717-4562-B3FC-2C963F66A33A,1,366,373,username456
357,A148144B-0F47-4714-96F0-B125F7C8234B,1D7BAE72-56A5-4733-ACBC-62B7BF90F33B,3FA85F64-5717-4562-B3FC-2C963F66A33B,1,367,374,username457
358,A148144B-0F47-4714-96F0-B125F7C8234C,1D7BAE72-56A5-4733-ACBC-62B7BF90F33C,3FA85F64-5717-4562-B3FC-2C963F66A33C,1,368,375,username458
359,A148144B-0F47-4714-96F0-B125F7C8234D,1D7BAE72-56A5-4733-ACBC-62B7BF90F33D,3FA85F64-5717-4562-B3FC-2C963F66A33D,1,369,376,username459
360,A148144B-0F47-4714-96F0-B125F7C8234E,1D7BAE72-56A5-4733-ACBC-62B7BF90F33E,3FA85F64-5717-4562-B3FC-2C963F66A33E,1,370,377,username460
361,A148144B-0F47-4714-96F0-B125F7C8234F,1D7BAE72-56A5-4733-ACBC-62B7BF90F33F,3FA85F64-5717-4562-B3FC-2C963F66A33F,1,371,378,username461
362,A148144B-0F47-4714-96F0-B125F7C82350,1D7BAE72-56A5-4733-ACBC-62B7BF90F340,3FA85F64-5717-4562-B3FC-2C963F66A340,1,372,379,username462
363,A148144B-0F47-4714-96F0-B125F7C82351,1D7BAE72-56A5-4733-ACBC-62B7BF90F341,3FA85F64-5717-4562-B3FC-2C963F66A341,1,373,380,username463
364,A148144B-0F47-4714-96F0-B125F7C82352,1D7BAE72-56A5-4733-ACBC-62B7BF90F342,3FA85F64-5717-4562-B3FC-2C963F66A342,1,374,381,username464
365,A148144B-0F47-4714-96F0-B125F7C82353,1D7BAE72-56A5-4733-ACBC-62B7BF90F343,3FA85F64-5717-4562-B3FC-2C963F66A343,1,375,382,username465
366,A148144B-0F47-4714-96F0-B125F7C82354,1D7BAE72-56A5-4733-ACBC-62B7BF90F344,3FA85F64-5717-4562-B3FC-2C963F66A344,1,376,383,username466
367,A148144B-0F47-4714-96F0-B125F7C82355,1D7BAE72-56A5-4733-ACBC-62B7BF90F345,3FA85F64-5717-4562-B3FC-2C963F66A345,1,377,384,username467
368,A148144B-0F47-4714-96F0-B125F7C82356,1D7BAE72-56A5-4733-ACBC-62B7BF90F346,3FA85F64-5717-4562-B3FC-2C963F66A346,1,378,385,username468
369,A148144B-0F47-4714-96F0-B125F7C82357,1D7BAE72-56A5-4733-ACBC-62B7BF90F347,3FA85F64-5717-4562-B3FC-2C963F66A347,1,379,386,username469
370,A148144B-0F47-4714-96F0-B125F7C82358,1D7BAE72-56A5-4733-ACBC-62B7BF90F348,3FA85F64-5717-4562-B3FC-2C963F66A348,1,380,387,username470
371,A148144B-0F47-4714-96F0-B125F7C82359,1D7BAE72-56A5-4733-ACBC-62B7BF90F349,3FA85F64-5717-4562-B3FC-2C963F66A349,1,381,388,username471
372,A148144B-0F47-4714-96F0-B125F7C8235A,1D7BAE72-56A5-4733-ACBC-62B7BF90F34A,3FA85F64-5717-4562-B3FC-2C963F66A34A,1,382,389,username472
373,A148144B-0F47-4714-96F0-B125F7C8235B,1D7BAE72-56A5-4733-ACBC-62B7BF90F34B,3FA85F64-5717-4562-B3FC-2C963F66A34B,1,383,390,username473
374,A148144B-0F47-4714-96F0-B125F7C8235C,1D7BAE72-56A5-4733-ACBC-62B7BF90F34C,3FA85F64-5717-4562-B3FC-2C963F66A34C,1,384,391,username474
375,A148144B-0F47-4714-96F0-B125F7C8235D,1D7BAE72-56A5-4733-ACBC-62B7BF90F34D,3FA85F64-5717-4562-B3FC-2C963F66A34D,1,385,392,username475
376,A148144B-0F47-4714-96F0-B125F7C8235E,1D7BAE72-56A5-4733-ACBC-62B7BF90F34E,3FA85F64-5717-4562-B3FC-2C963F66A34E,1,386,393,username476
377,A148144B-0F47-4714-96F0-B125F7C8235F,1D7BAE72-56A5-4733-ACBC-62B7BF90F34F,3FA85F64-5717-4562-B3FC-2C963F66A34F,1,387,394,username477
378,A148144B-0F47-4714-96F0-B125F7C82360,1D7BAE72-56A5-4733-ACBC-62B7BF90F350,3FA85F64-5717-4562-B3FC-2C963F66A350,1,388,395,username478
379,A148144B-0F47-4714-96F0-B125F7C82361,1D7BAE72-56A5-4733-ACBC-62B7BF90F351,3FA85F64-5717-4562-B3FC-2C963F66A351,1,389,396,username479
380,A148144B-0F47-4714-96F0-B125F7C82362,1D7BAE72-56A5-4733-ACBC-62B7BF90F352,3FA85F64-5717-4562-B3FC-2C963F66A352,1,390,397,username480
381,A148144B-0F47-4714-96F0-B125F7C82363,1D7BAE72-56A5-4733-ACBC-62B7BF90F353,3FA85F64-5717-4562-B3FC-2C963F66A353,1,391,398,username481
382,A148144B-0F47-4714-96F0-B125F7C82364,1D7BAE72-56A5-4733-ACBC-62B7BF90F354,3FA85F64-5717-4562-B3FC-2C963F66A354,1,392,399,username482
383,A148144B-0F47-4714-96F0-B125F7C82365,1D7BAE72-56A5-4733-ACBC-62B7BF90F355,3FA85F64-5717-4562-B3FC-2C963F66A355,1,393,400,username483
384,A148144B-0F47-4714-96F0-B125F7C82366,1D7BAE72-56A5-4733-ACBC-62B7BF90F356,3FA85F64-5717-4562-B3FC-2C963F66A356,1,394,401,username484
385,A148144B-0F47-4714-96F0-B125F7C82367,1D7BAE72-56A5-4733-ACBC-62B7BF90F357,3FA85F64-5717-4562-B3FC-2C963F66A357,1,395,402,username485
386,A148144B-0F47-4714-96F0-B125F7C82368,1D7BAE72-56A5-4733-ACBC-62B7BF90F358,3FA85F64-5717-4562-B3FC-2C963F66A358,1,396,403,username486
387,A148144B-0F47-4714-96F0-B125F7C82369,1D7BAE72-56A5-4733-ACBC-62B7BF90F359,3FA85F64-5717-4562-B3FC-2C963F66A359,1,397,404,username487
388,A148144B-0F47-4714-96F0-B125F7C8236A,1D7BAE72-56A5-4733-ACBC-62B7BF90F35A,3FA85F64-5717-4562-B3FC-2C963F66A35A,1,398,405,username488
389,A148144B-0F47-4714-96F0-B125F7C8236B,1D7BAE72-56A5-4733-ACBC-62B7BF90F35B,3FA85F64-5717-4562-B3FC-2C963F66A35B,1,399,406,username489
390,A148144B-0F47-4714-96F0-B125F7C8236C,1D7BAE72-56A5-4733-ACBC-62B7BF90F35C,3FA85F64-5717-4562-B3FC-2C963F66A35C,1,400,407,username490
391,A148144B-0F47-4714-96F0-B125F7C8236D,1D7BAE72-56A5-4733-ACBC-62B7BF90F35D,3FA85F64-5717-4562-B3FC-2C963F66A35D,1,401,408,username491
392,A148144B-0F47-4714-96F0-B125F7C8236E,1D7BAE72-56A5-4733-ACBC-62B7BF90F35E,3FA85F64-5717-4562-B3FC-2C963F66A35E,1,402,409,username492
393,A148144B-0F47-4714-96F0-B125F7C8236F,1D7BAE72-56A5-4733-ACBC-62B7BF90F35F,3FA85F64-5717-4562-B3FC-2C963F66A35F,1,403,410,username493
394,A148144B-0F47-4714-96F0-B125F7C82370,1D7BAE72-56A5-4733-ACBC-62B7BF90F360,3FA85F64-5717-4562-B3FC-2C963F66A360,1,404,411,username494
395,A148144B-0F47-4714-96F0-B125F7C82371,1D7BAE72-56A5-4733-ACBC-62B7BF90F361,3FA85F64-5717-4562-B3FC-2C963F66A361,1,405,412,username495
396,A148144B-0F47-4714-96F0-B125F7C82372,1D7BAE72-56A5-4733-ACBC-62B7BF90F362,3FA85F64-5717-4562-B3FC-2C963F66A362,1,406,413,username496
397,A148144B-0F47-4714-96F0-B125F7C82373,1D7BAE72-56A5-4733-ACBC-62B7BF90F363,3FA85F64-5717-4562-B3FC-2C963F66A363,1,407,414,username497
398,A148144B-0F47-4714-96F0-B125F7C82374,1D7BAE72-56A5-4733-ACBC-62B7BF90F364,3FA85F64-5717-4562-B3FC-2C963F66A364,1,408,415,username498
399,A148144B-0F47-4714-96F0-B125F7C82375,1D7BAE72-56A5-4733-ACBC-62B7BF90F365,3FA85F64-5717-4562-B3FC-2C963F66A365,1,409,416,username499
400,A148144B-0F47-4714-96F0-B125F7C82444,1D7BAE72-56A5-4733-ACBC-62B7BF90F366,3FA85F64-5717-4562-B3FC-2C963F66A366,1,410,417,username500
401,A148144B-0F47-4714-96F0-B125F7C82376,1D7BAE72-56A5-4733-ACBC-62B7BF90F367,3FA85F64-5717-4562-B3FC-2C963F66A367,1,411,418,username501
402,A148144B-0F47-4714-96F0-B125F7C82377,1D7BAE72-56A5-4733-ACBC-62B7BF90F368,3FA85F64-5717-4562-B3FC-2C963F66A368,1,412,419,username502
403,A148144B-0F47-4714-96F0-B125F7C82378,1D7BAE72-56A5-4733-ACBC-62B7BF90F369,3FA85F64-5717-4562-B3FC-2C963F66A369,1,413,420,username503
404,A148144B-0F47-4714-96F0-B125F7C82379,1D7BAE72-56A5-4733-ACBC-62B7BF90F36A,3FA85F64-5717-4562-B3FC-2C963F66A36A,1,414,421,username504
405,A148144B-0F47-4714-96F0-B125F7C8237A,1D7BAE72-56A5-4733-ACBC-62B7BF90F36B,3FA85F64-5717-4562-B3FC-2C963F66A36B,1,415,422,username505
406,A148144B-0F47-4714-96F0-B125F7C8237B,1D7BAE72-56A5-4733-ACBC-62B7BF90F36C,3FA85F64-5717-4562-B3FC-2C963F66A36C,1,416,423,username506
407,A148144B-0F47-4714-96F0-B125F7C8237C,1D7BAE72-56A5-4733-ACBC-62B7BF90F36D,3FA85F64-5717-4562-B3FC-2C963F66A36D,1,417,424,username507
408,A148144B-0F47-4714-96F0-B125F7C8237D,1D7BAE72-56A5-4733-ACBC-62B7BF90F36E,3FA85F64-5717-4562-B3FC-2C963F66A36E,1,418,425,username508
409,A148144B-0F47-4714-96F0-B125F7C8237E,1D7BAE72-56A5-4733-ACBC-62B7BF90F36F,3FA85F64-5717-4562-B3FC-2C963F66A36F,1,419,426,username509
410,A148144B-0F47-4714-96F0-B125F7C8237F,1D7BAE72-56A5-4733-ACBC-62B7BF90F370,3FA85F64-5717-4562-B3FC-2C963F66A370,1,420,427,username510
411,A148144B-0F47-4714-96F0-B125F7C82380,1D7BAE72-56A5-4733-ACBC-62B7BF90F371,3FA85F64-5717-4562-B3FC-2C963F66A371,1,421,428,username511
412,A148144B-0F47-4714-96F0-B125F7C82381,1D7BAE72-56A5-4733-ACBC-62B7BF90F372,3FA85F64-5717-4562-B3FC-2C963F66A372,1,422,429,username512
413,A148144B-0F47-4714-96F0-B125F7C82382,1D7BAE72-56A5-4733-ACBC-62B7BF90F373,3FA85F64-5717-4562-B3FC-2C963F66A373,1,423,430,username513
414,A148144B-0F47-4714-96F0-B125F7C82383,1D7BAE72-56A5-4733-ACBC-62B7BF90F374,3FA85F64-5717-4562-B3FC-2C963F66A374,1,424,431,username514
415,A148144B-0F47-4714-96F0-B125F7C82384,1D7BAE72-56A5-4733-ACBC-62B7BF90F375,3FA85F64-5717-4562-B3FC-2C963F66A375,1,425,432,username515
416,A148144B-0F47-4714-96F0-B125F7C82385,1D7BAE72-56A5-4733-ACBC-62B7BF90F376,3FA85F64-5717-4562-B3FC-2C963F66A376,1,426,433,username516
417,A148144B-0F47-4714-96F0-B125F7C82386,1D7BAE72-56A5-4733-ACBC-62B7BF90F377,3FA85F64-5717-4562-B3FC-2C963F66A377,1,427,434,username517
418,A148144B-0F47-4714-96F0-B125F7C82387,1D7BAE72-56A5-4733-ACBC-62B7BF90F378,3FA85F64-5717-4562-B3FC-2C963F66A378,1,428,435,username518
419,A148144B-0F47-4714-96F0-B125F7C82388,1D7BAE72-56A5-4733-ACBC-62B7BF90F379,3FA85F64-5717-4562-B3FC-2C963F66A379,1,429,436,username519
420,A148144B-0F47-4714-96F0-B125F7C82389,1D7BAE72-56A5-4733-ACBC-62B7BF90F37A,3FA85F64-5717-4562-B3FC-2C963F66A37A,1,430,437,username520
421,A148144B-0F47-4714-96F0-B125F7C8238A,1D7BAE72-56A5-4733-ACBC-62B7BF90F37B,3FA85F64-5717-4562-B3FC-2C963F66A37B,1,431,438,username521
422,A148144B-0F47-4714-96F0-B125F7C8238B,1D7BAE72-56A5-4733-ACBC-62B7BF90F37C,3FA85F64-5717-4562-B3FC-2C963F66A37C,1,432,439,username522
423,A148144B-0F47-4714-96F0-B125F7C8238C,1D7BAE72-56A5-4733-ACBC-62B7BF90F37D,3FA85F64-5717-4562-B3FC-2C963F66A37D,1,433,440,username523
424,A148144B-0F47-4714-96F0-B125F7C8238D,1D7BAE72-56A5-4733-ACBC-62B7BF90F37E,3FA85F64-5717-4562-B3FC-2C963F66A37E,1,434,441,username524
425,A148144B-0F47-4714-96F0-B125F7C8238E,1D7BAE72-56A5-4733-ACBC-62B7BF90F37F,3FA85F64-5717-4562-B3FC-2C963F66A37F,1,435,442,username525
426,A148144B-0F47-4714-96F0-B125F7C8238F,1D7BAE72-56A5-4733-ACBC-62B7BF90F380,3FA85F64-5717-4562-B3FC-2C963F66A380,1,436,443,username526
427,A148144B-0F47-4714-96F0-B125F7C82390,1D7BAE72-56A5-4733-ACBC-62B7BF90F381,3FA85F64-5717-4562-B3FC-2C963F66A381,1,437,444,username527
428,A148144B-0F47-4714-96F0-B125F7C82391,1D7BAE72-56A5-4733-ACBC-62B7BF90F382,3FA85F64-5717-4562-B3FC-2C963F66A382,1,438,445,username528
429,A148144B-0F47-4714-96F0-B125F7C82392,1D7BAE72-56A5-4733-ACBC-62B7BF90F383,3FA85F64-5717-4562-B3FC-2C963F66A383,1,439,446,username529
430,A148144B-0F47-4714-96F0-B125F7C82393,1D7BAE72-56A5-4733-ACBC-62B7BF90F384,3FA85F64-5717-4562-B3FC-2C963F66A384,1,440,447,username530
431,A148144B-0F47-4714-96F0-B125F7C82394,1D7BAE72-56A5-4733-ACBC-62B7BF90F385,3FA85F64-5717-4562-B3FC-2C963F66A385,1,441,448,username531
432,A148144B-0F47-4714-96F0-B125F7C82395,1D7BAE72-56A5-4733-ACBC-62B7BF90F386,3FA85F64-5717-4562-B3FC-2C963F66A386,1,442,449,username532
433,A148144B-0F47-4714-96F0-B125F7C82396,1D7BAE72-56A5-4733-ACBC-62B7BF90F387,3FA85F64-5717-4562-B3FC-2C963F66A387,1,443,450,username533
434,A148144B-0F47-4714-96F0-B125F7C82397,1D7BAE72-56A5-4733-ACBC-62B7BF90F388,3FA85F64-5717-4562-B3FC-2C963F66A388,1,444,451,username534
435,A148144B-0F47-4714-96F0-B125F7C82398,1D7BAE72-56A5-4733-ACBC-62B7BF90F389,3FA85F64-5717-4562-B3FC-2C963F66A389,1,445,452,username535
436,A148144B-0F47-4714-96F0-B125F7C82399,1D7BAE72-56A5-4733-ACBC-62B7BF90F38A,3FA85F64-5717-4562-B3FC-2C963F66A38A,1,446,453,username536
437,A148144B-0F47-4714-96F0-B125F7C8239A,1D7BAE72-56A5-4733-ACBC-62B7BF90F38B,3FA85F64-5717-4562-B3FC-2C963F66A38B,1,447,454,username537
438,A148144B-0F47-4714-96F0-B125F7C8239B,1D7BAE72-56A5-4733-ACBC-62B7BF90F38C,3FA85F64-5717-4562-B3FC-2C963F66A38C,1,448,455,username538
439,A148144B-0F47-4714-96F0-B125F7C8239C,1D7BAE72-56A5-4733-ACBC-62B7BF90F38D,3FA85F64-5717-4562-B3FC-2C963F66A38D,1,449,456,username539
440,A148144B-0F47-4714-96F0-B125F7C8239D,1D7BAE72-56A5-4733-ACBC-62B7BF90F38E,3FA85F64-5717-4562-B3FC-2C963F66A38E,1,450,457,username540
441,A148144B-0F47-4714-96F0-B125F7C8239E,1D7BAE72-56A5-4733-ACBC-62B7BF90F38F,3FA85F64-5717-4562-B3FC-2C963F66A38F,1,451,458,username541
442,A148144B-0F47-4714-96F0-B125F7C8239F,1D7BAE72-56A5-4733-ACBC-62B7BF90F390,3FA85F64-5717-4562-B3FC-2C963F66A390,1,452,459,username542
443,A148144B-0F47-4714-96F0-B125F7C823A0,1D7BAE72-56A5-4733-ACBC-62B7BF90F391,3FA85F64-5717-4562-B3FC-2C963F66A391,1,453,460,username543
444,A148144B-0F47-4714-96F0-B125F7C823A1,1D7BAE72-56A5-4733-ACBC-62B7BF90F392,3FA85F64-5717-4562-B3FC-2C963F66A392,1,454,461,username544
445,A148144B-0F47-4714-96F0-B125F7C823A2,1D7BAE72-56A5-4733-ACBC-62B7BF90F393,3FA85F64-5717-4562-B3FC-2C963F66A393,1,455,462,username545
446,A148144B-0F47-4714-96F0-B125F7C823A3,1D7BAE72-56A5-4733-ACBC-62B7BF90F394,3FA85F64-5717-4562-B3FC-2C963F66A394,1,456,463,username546
447,A148144B-0F47-4714-96F0-B125F7C823A4,1D7BAE72-56A5-4733-ACBC-62B7BF90F395,3FA85F64-5717-4562-B3FC-2C963F66A395,1,457,464,username547
448,A148144B-0F47-4714-96F0-B125F7C823A5,1D7BAE72-56A5-4733-ACBC-62B7BF90F396,3FA85F64-5717-4562-B3FC-2C963F66A396,1,458,465,username548
449,A148144B-0F47-4714-96F0-B125F7C823A6,1D7BAE72-56A5-4733-ACBC-62B7BF90F397,3FA85F64-5717-4562-B3FC-2C963F66A397,1,459,466,username549
450,A148144B-0F47-4714-96F0-B125F7C823A7,1D7BAE72-56A5-4733-ACBC-62B7BF90F398,3FA85F64-5717-4562-B3FC-2C963F66A398,1,460,467,username550
451,A148144B-0F47-4714-96F0-B125F7C823A8,1D7BAE72-56A5-4733-ACBC-62B7BF90F399,3FA85F64-5717-4562-B3FC-2C963F66A399,1,461,468,username551
452,A148144B-0F47-4714-96F0-B125F7C823A9,1D7BAE72-56A5-4733-ACBC-62B7BF90F39A,3FA85F64-5717-4562-B3FC-2C963F66A39A,1,462,469,username552
453,A148144B-0F47-4714-96F0-B125F7C823AA,1D7BAE72-56A5-4733-ACBC-62B7BF90F39B,3FA85F64-5717-4562-B3FC-2C963F66A39B,1,463,470,username553
454,A148144B-0F47-4714-96F0-B125F7C823AB,1D7BAE72-56A5-4733-ACBC-62B7BF90F39C,3FA85F64-5717-4562-B3FC-2C963F66A39C,1,464,471,username554
455,A148144B-0F47-4714-96F0-B125F7C823AC,1D7BAE72-56A5-4733-ACBC-62B7BF90F39D,3FA85F64-5717-4562-B3FC-2C963F66A39D,1,465,472,username555
456,A148144B-0F47-4714-96F0-B125F7C823AD,1D7BAE72-56A5-4733-ACBC-62B7BF90F39E,3FA85F64-5717-4562-B3FC-2C963F66A39E,1,466,473,username556
457,A148144B-0F47-4714-96F0-B125F7C823AE,1D7BAE72-56A5-4733-ACBC-62B7BF90F39F,3FA85F64-5717-4562-B3FC-2C963F66A39F,1,467,474,username557
458,A148144B-0F47-4714-96F0-B125F7C823AF,1D7BAE72-56A5-4733-ACBC-62B7BF90F3A0,3FA85F64-5717-4562-B3FC-2C963F66A3A0,1,468,475,username558
459,A148144B-0F47-4714-96F0-B125F7C823B0,1D7BAE72-56A5-4733-ACBC-62B7BF90F3A1,3FA85F64-5717-4562-B3FC-2C963F66A3A1,1,469,476,username559
460,A148144B-0F47-4714-96F0-B125F7C823B1,1D7BAE72-56A5-4733-ACBC-62B7BF90F3A2,3FA85F64-5717-4562-B3FC-2C963F66A3A2,1,470,477,username560
461,A148144B-0F47-4714-96F0-B125F7C823B2,1D7BAE72-56A5-4733-ACBC-62B7BF90F3A3,3FA85F64-5717-4562-B3FC-2C963F66A3A3,1,471,478,username561
462,A148144B-0F47-4714-96F0-B125F7C823B3,1D7BAE72-56A5-4733-ACBC-62B7BF90F3A4,3FA85F64-5717-4562-B3FC-2C963F66A3A4,1,472,479,username562
463,A148144B-0F47-4714-96F0-B125F7C823B4,1D7BAE72-56A5-4733-ACBC-62B7BF90F3A5,3FA85F64-5717-4562-B3FC-2C963F66A3A5,1,473,480,username563
464,A148144B-0F47-4714-96F0-B125F7C823B5,1D7BAE72-56A5-4733-ACBC-62B7BF90F3A6,3FA85F64-5717-4562-B3FC-2C963F66A3A6,1,474,481,username564
465,A148144B-0F47-4714-96F0-B125F7C823B6,1D7BAE72-56A5-4733-ACBC-62B7BF90F3A7,3FA85F64-5717-4562-B3FC-2C963F66A3A7,1,475,482,username565
466,A148144B-0F47-4714-96F0-B125F7C823B7,1D7BAE72-56A5-4733-ACBC-62B7BF90F3A8,3FA85F64-5717-4562-B3FC-2C963F66A3A8,1,476,483,username566
467,A148144B-0F47-4714-96F0-B125F7C823B8,1D7BAE72-56A5-4733-ACBC-62B7BF90F3A9,3FA85F64-5717-4562-B3FC-2C963F66A3A9,1,477,484,username567
468,A148144B-0F47-4714-96F0-B125F7C823B9,1D7BAE72-56A5-4733-ACBC-62B7BF90F3AA,3FA85F64-5717-4562-B3FC-2C963F66A3AA,1,478,485,username568
469,A148144B-0F47-4714-96F0-B125F7C823BA,1D7BAE72-56A5-4733-ACBC-62B7BF90F3AB,3FA85F64-5717-4562-B3FC-2C963F66A3AB,1,479,486,username569
470,A148144B-0F47-4714-96F0-B125F7C823BB,1D7BAE72-56A5-4733-ACBC-62B7BF90F3AC,3FA85F64-5717-4562-B3FC-2C963F66A3AC,1,480,487,username570
471,A148144B-0F47-4714-96F0-B125F7C823BC,1D7BAE72-56A5-4733-ACBC-62B7BF90F3AD,3FA85F64-5717-4562-B3FC-2C963F66A3AD,1,481,488,username571
472,A148144B-0F47-4714-96F0-B125F7C823BD,1D7BAE72-56A5-4733-ACBC-62B7BF90F3AE,3FA85F64-5717-4562-B3FC-2C963F66A3AE,1,482,489,username572
473,A148144B-0F47-4714-96F0-B125F7C823BE,1D7BAE72-56A5-4733-ACBC-62B7BF90F3AF,3FA85F64-5717-4562-B3FC-2C963F66A3AF,1,483,490,username573
474,A148144B-0F47-4714-96F0-B125F7C823BF,1D7BAE72-56A5-4733-ACBC-62B7BF90F3B0,3FA85F64-5717-4562-B3FC-2C963F66A3B0,1,484,491,username574
475,A148144B-0F47-4714-96F0-B125F7C823C0,1D7BAE72-56A5-4733-ACBC-62B7BF90F3B1,3FA85F64-5717-4562-B3FC-2C963F66A3B1,1,485,492,username575
476,A148144B-0F47-4714-96F0-B125F7C823C1,1D7BAE72-56A5-4733-ACBC-62B7BF90F3B2,3FA85F64-5717-4562-B3FC-2C963F66A3B2,1,486,493,username576
477,A148144B-0F47-4714-96F0-B125F7C823C2,1D7BAE72-56A5-4733-ACBC-62B7BF90F3B3,3FA85F64-5717-4562-B3FC-2C963F66A3B3,1,487,494,username577
478,A148144B-0F47-4714-96F0-B125F7C823C3,1D7BAE72-56A5-4733-ACBC-62B7BF90F3B4,3FA85F64-5717-4562-B3FC-2C963F66A3B4,1,488,495,username578
479,A148144B-0F47-4714-96F0-B125F7C823C4,1D7BAE72-56A5-4733-ACBC-62B7BF90F3B5,3FA85F64-5717-4562-B3FC-2C963F66A3B5,1,489,496,username579
480,A148144B-0F47-4714-96F0-B125F7C823C5,1D7BAE72-56A5-4733-ACBC-62B7BF90F3B6,3FA85F64-5717-4562-B3FC-2C963F66A3B6,1,490,497,username580
481,A148144B-0F47-4714-96F0-B125F7C823C6,1D7BAE72-56A5-4733-ACBC-62B7BF90F3B7,3FA85F64-5717-4562-B3FC-2C963F66A3B7,1,491,498,username581
482,A148144B-0F47-4714-96F0-B125F7C823C7,1D7BAE72-56A5-4733-ACBC-62B7BF90F3B8,3FA85F64-5717-4562-B3FC-2C963F66A3B8,1,492,499,username582
483,A148144B-0F47-4714-96F0-B125F7C823C8,1D7BAE72-56A5-4733-ACBC-62B7BF90F3B9,3FA85F64-5717-4562-B3FC-2C963F66A3B9,1,493,500,username583
484,A148144B-0F47-4714-96F0-B125F7C823C9,1D7BAE72-56A5-4733-ACBC-62B7BF90F3BA,3FA85F64-5717-4562-B3FC-2C963F66A3BA,1,494,501,username584
485,A148144B-0F47-4714-96F0-B125F7C823CA,1D7BAE72-56A5-4733-ACBC-62B7BF90F3BB,3FA85F64-5717-4562-B3FC-2C963F66A3BB,1,495,502,username585
486,A148144B-0F47-4714-96F0-B125F7C823CB,1D7BAE72-56A5-4733-ACBC-62B7BF90F3BC,3FA85F64-5717-4562-B3FC-2C963F66A3BC,1,496,503,username586
487,A148144B-0F47-4714-96F0-B125F7C823CC,1D7BAE72-56A5-4733-ACBC-62B7BF90F3BD,3FA85F64-5717-4562-B3FC-2C963F66A3BD,1,497,504,username587
488,A148144B-0F47-4714-96F0-B125F7C823CD,1D7BAE72-56A5-4733-ACBC-62B7BF90F3BE,3FA85F64-5717-4562-B3FC-2C963F66A3BE,1,498,505,username588
489,A148144B-0F47-4714-96F0-B125F7C823CE,1D7BAE72-56A5-4733-ACBC-62B7BF90F3BF,3FA85F64-5717-4562-B3FC-2C963F66A3BF,1,499,506,username589
490,A148144B-0F47-4714-96F0-B125F7C823CF,1D7BAE72-56A5-4733-ACBC-62B7BF90F3C0,3FA85F64-5717-4562-B3FC-2C963F66A3C0,1,500,507,username590
491,A148144B-0F47-4714-96F0-B125F7C823D0,1D7BAE72-56A5-4733-ACBC-62B7BF90F3C1,3FA85F64-5717-4562-B3FC-2C963F66A3C1,1,501,508,username591
492,A148144B-0F47-4714-96F0-B125F7C823D1,1D7BAE72-56A5-4733-ACBC-62B7BF90F3C2,3FA85F64-5717-4562-B3FC-2C963F66A3C2,1,502,509,username592
493,A148144B-0F47-4714-96F0-B125F7C823D2,1D7BAE72-56A5-4733-ACBC-62B7BF90F3C3,3FA85F64-5717-4562-B3FC-2C963F66A3C3,1,503,510,username593
494,A148144B-0F47-4714-96F0-B125F7C823D3,1D7BAE72-56A5-4733-ACBC-62B7BF90F3C4,3FA85F64-5717-4562-B3FC-2C963F66A3C4,1,504,511,username594
495,A148144B-0F47-4714-96F0-B125F7C823D4,1D7BAE72-56A5-4733-ACBC-62B7BF90F3C5,3FA85F64-5717-4562-B3FC-2C963F66A3C5,1,505,512,username595
496,A148144B-0F47-4714-96F0-B125F7C823D5,1D7BAE72-56A5-4733-ACBC-62B7BF90F3C6,3FA85F64-5717-4562-B3FC-2C963F66A3C6,1,506,513,username596
497,A148144B-0F47-4714-96F0-B125F7C823D6,1D7BAE72-56A5-4733-ACBC-62B7BF90F3C7,3FA85F64-5717-4562-B3FC-2C963F66A3C7,1,507,514,username597
498,A148144B-0F47-4714-96F0-B125F7C823D7,1D7BAE72-56A5-4733-ACBC-62B7BF90F3C8,3FA85F64-5717-4562-B3FC-2C963F66A3C8,1,508,515,username598
499,A148144B-0F47-4714-96F0-B125F7C823D8,1D7BAE72-56A5-4733-ACBC-62B7BF90F3C9,3FA85F64-5717-4562-B3FC-2C963F66A3C9,1,509,516,username599
500,A148144B-0F47-4714-96F0-B125F7C823D9,1D7BAE72-56A5-4733-ACBC-62B7BF90F3CA,3FA85F64-5717-4562-B3FC-2C963F66A3CA,1,510,517,username600
