username451,f9bb6abb-155e-49fe-9715-4ccac1545a03
username452,e7a7baa4-76f4-4dce-bdf3-d4bcb8e6dd7d
username453,6e3f3362-02f8-4a92-941d-ac720f39469e
username454,cb0a0e61-6c54-4848-a41f-786d190c5556
username455,71a89e7c-cb40-4372-b552-ddb4d76461ad
username456,6f8a52d7-e622-4888-9ab5-069808d8dbba
username457,cf0b80b7-9e4b-4790-948e-462bba1d8d13
username458,4a2e037c-2c8d-48f3-90f5-4fb234b72218
username459,1e972907-07ea-46c5-82a8-cbba0201dc01
username460,eff7a968-4541-41fe-a5cf-4f1d9476d2cd
username461,e806f945-998c-4ad5-b4c7-da55ba695bfe
username462,37f54ac5-12e3-45a1-bb64-df44996c0986
username463,1d2a9c3d-edb3-4015-ab3f-2c9111eafc9b
username464,d0f077c5-5615-45b1-885a-f80569f973df
username465,625067ef-4ca3-4c2c-8cbc-9d5ccba54ed9
username466,f1f7f72a-112d-4057-8190-a23ffe636d58
username467,3af2bb6e-d401-44f8-b9aa-0a6d9d213560
username468,272e9911-3176-4215-8d85-f31ea946d78f
username469,3db10e86-1c79-4b4d-9386-d04f6dd7a9d4
username470,d9f873d6-092b-4b8f-8dad-ce719bc83933
username471,e5e90d94-f4d1-40f2-896e-0593062f72be
username472,667cd272-2b1b-490a-840d-03ad0a35213d
username473,57d6ef95-89a3-4437-80db-87306825d271
username474,6ed8e387-b96d-41ba-a852-3eff55d401e8
username475,c48398bf-3ced-4751-bc6c-5148b28f17f1
username476,a5f74d5f-a3a5-4f1f-9821-d70e1e86b6d4
username477,2c672b23-00c6-4f29-952f-3a6c1d583b2a
username478,342adb11-fcd7-4d7a-a718-72741ef02aea
username479,d4f9de96-6212-4068-a1cd-0590072f7fb3
username480,bae08b28-7ae7-4b3a-ac8e-298d301300f4
username481,d3701b04-a4ae-4956-9e4f-4ff7a6761236
username482,d0f03a64-b84b-4359-a7a3-428196efb4f7
username483,dd231be0-a425-458e-8907-cda80a213357
username484,6adc35fb-daa6-4306-93f7-1d8ed94ac960
username485,1a66317c-4e9b-4c34-b2a8-9ea7dd66d9f6
username486,6a98a0ca-1849-41d0-9f88-fac70b8540a7
username487,af382702-36a9-4114-8146-5835d19600e7
username488,5b5e1697-833f-4eb5-9305-fcc5f194434f
username489,b92bb7bd-5dae-4b07-8a4c-de786decf64a
username490,4a5d3f4d-9621-4d30-924f-0275a5b98842
username491,d20e606a-a6db-40f0-a8b4-b7f605a1feaa
username492,43eec7ca-f864-4f68-80a9-8a91e7ffce7d
username493,8eb9bb2e-d928-465c-8f12-11ae88fc82f1
username494,000b08b5-3804-436b-87e8-8520c05df491
username495,f275ab96-4779-41b4-a97b-f55362825c7e
username496,3632ffd6-f1d5-4773-81c0-0dfe8a1ec1c6
username497,bcbedb11-7b10-479e-8720-31265adbdd1f
username498,0c813fc7-3486-4a0c-9ae6-446d97aade26
username499,24463b00-b6de-4867-9078-11cf6bdc5c87
username500,c99c8e1f-61ba-4c40-a454-f2bcc6d76245
