Username,GUID
load1,86282b34-d21f-44ea-8d6a-4b11a5c08e70
load88,8d61b1eb-74b8-4064-b04d-e600177abbe8
load99,32ad71a8-8045-4453-aa45-676bb5ace443
loadtestuser,614ec860-928a-49b2-b93f-7d680cbfc952
local_test,0aacc82a-386f-4f0c-b9e7-712ebac7b760
portaluser1,60ca0ae7-2a6e-40f3-ab0e-57a3b2afd792
portaluser,ac195124-1425-4567-a2ed-05232c59f9e6
testload,033c9944-8514-44ee-9fdb-3f5da4934a1f
testuser,778202b1-fdc6-4247-a5b1-5cda6b880e9f
usanadhya,2c618a3a-3964-4649-af1d-efb420224dd3
username101,31b9961c-2ac9-45c9-815b-50d388afcce5
username102,76652242-ffca-4d0d-89fa-ebd7b2bdc5ba
username103,ded37bf6-2f86-400d-baa0-c033cb1ffc7e
username104,ad787b8b-f36f-4567-bd17-38e0ea4ff2dc
username105,b19b4ba0-7f0c-4b99-9f40-3bee5f4a4d77
username106,2d802088-de83-46e2-b090-27008b92ffda
username107,b7fc8b2b-245e-4da1-afd6-c597aa19e61f
username108,fc93e81a-b79f-4d57-a81b-c0874928a0dd
username109,fcaa18e0-9f38-4a53-b98f-bf39d133b05f
username110,231b39af-f947-4e55-9c7a-9f5b36a96ef0
username1111,4d28231b-bf9e-4e37-a64d-9dc4a625474d
username111,57da1250-8afd-427a-afd2-bc69b4f74e7f
username112,6783af3b-c41c-4658-a197-a316dff2a7ac
username113,40732a69-9611-4ea8-a65c-65888c40992c
username114,090dd8ce-115e-42e1-94aa-81031ee0549e
username115,8fbf23b3-c3c0-4c00-8327-f7f0604d8538
username116,06507ae6-4f87-4099-8000-76772e4b1ffe
username117,6a49f451-fd1a-458a-8d0d-b7c0e20c8e8e
username118,6ad4c64a-520c-48a2-9104-7f8d280a9528
username119,d398c70a-59d7-4d83-a9da-370706cd9a71
username120,c4452590-cce1-4e8a-ad19-b101c09587e7
username121,7a80c74a-fac9-4e50-963a-7f0f9c0b02cc
username122,2306dd0f-b1ee-4f28-bce6-b3e8d29d8d7e
username123,77366ba5-d122-40ad-b885-18c1290e86b3
username124,f973e171-7548-4259-99b3-8ae0f46092b3
username125,c6f90117-3b6f-443b-8503-3b1a33f2bd07
username126,db8d642a-eeed-4f09-a9b2-c1c654021da9
username127,f33dc0fc-a219-4bc3-949d-7b6615f036d3
username128,585da508-99f6-4488-9505-91a56393934c
username129,2c3bfd51-8e3f-4b9a-98fb-e7901b810690
username130,5222de04-45c3-4fce-bde9-ba6be6abf50b
username131,f9641c5c-e451-4712-bcd9-b84a408544cb
username132,79b470a7-cb32-45ee-9870-22f12395b0ab
username133,c07a9404-921a-4386-906d-ca410ba5b5bb
username134,75b68327-2833-48b0-8d5e-7f5495135e97
username135,70312b62-e70e-4959-b8ab-08ee5cbb6ad2
username136,c837a553-c346-4a18-8765-17dd803bf883
username137,bb9dff78-9da9-42c1-96de-aab9ff738595
username138,4eb47eb7-171d-435f-904e-f632d13b73c3
username139,df00dece-6a34-448f-ade7-ce11c7c4115c
username140,7a51d0dc-0070-495f-818d-294edc8fea5e
username141,0ce9deb4-c220-43e1-abb9-9031b09398d5
username142,dc5f6f57-76c8-4d11-a9ed-45a6ab44fba0
username143,1b50dbe0-ee94-4cd1-9ff0-a09ac69fad7d
username144,720ec54f-df73-47d7-b17c-62318f5a1c9e
username145,29eade87-7ba1-456f-87b6-b15ade1abeb3
username146,b68b094d-2e86-4921-8d7c-c4243be9bd6e
username147,9a63a3e1-3f8b-4556-9ea9-98b35e6c9522
username148,02adb066-4497-4b7e-bf4d-6a0f585d579e
username149,09c4f696-39c3-4a37-985c-848e8fc0c4b9
